OBJECTID,DPTOMPIO,CODIGO_VER,NOM_DEP,NOMB_MPIO,NOMBRE_VER,AREA_HA,COD_DPTO
21942,18860,18860015,CAQUETÁ,VALPARAÍSO,EL PROGRESO,2482.022586,18
21943,18860,18860034,CAQUETÁ,VALPARAÍSO,LA SEVILLA ALTA,4575.718693,18
21944,18860,18860016,CAQUETÁ,VALPARAÍSO,EL ROSAL,8926.637387,18
21945,18860,18860031,CAQUETÁ,VALPARAÍSO,LA PRIMAVERA,4490.234363,18
21946,18860,18860024,CAQUETÁ,VALPARAÍSO,LA ESTRELLA,4124.941485,18
21947,18860,18860056,CAQUETÁ,VALPARAÍSO,SABALO BAJO,3871.249194,18
21948,18860,18860059,CAQUETÁ,VALPARAÍSO,SANTA ELENA BAJA,1054.571777,18
21949,18860,18860003,CAQUETÁ,VALPARAÍSO,ARGELIA,742.6006365,18
21950,18860,18860036,CAQUETÁ,VALPARAÍSO,LA UNION,917.4758488,18
21951,18860,18860035,CAQUETÁ,VALPARAÍSO,LA TIGRA,1335.818939,18
21952,18860,18860023,CAQUETÁ,VALPARAÍSO,LA ESPAÑOLA,609.1736042,18
21953,18860,18860047,CAQUETÁ,VALPARAÍSO,MANAURE,2173.725365,18
21954,18860,18860055,CAQUETÁ,VALPARAÍSO,SABALO ALTO,2222.896794,18
21955,18860,18860005,CAQUETÁ,VALPARAÍSO,ARGENTINA BAJA,1061.465086,18
21956,18860,18860048,CAQUETÁ,VALPARAÍSO,MATICURU,3177.872237,18
21957,18860,18860042,CAQUETÁ,VALPARAÍSO,LAS PALMERAS,874.8209854,18
21958,18860,18860037,CAQUETÁ,VALPARAÍSO,LA VICENTA,2584.120069,18
21959,18860,18860044,CAQUETÁ,VALPARAÍSO,LOS CEDROS,474.199064,18
21960,18860,18860040,CAQUETÁ,VALPARAÍSO,LAS NIEVES,882.0743846,18
21961,18860,18860004,CAQUETÁ,VALPARAÍSO,ARGENTINA,988.6431267,18
21962,18860,18860066,CAQUETÁ,VALPARAÍSO,GUADUAL CENTRAL,2436.619148,18
21963,18860,18860062,CAQUETÁ,VALPARAÍSO,SANTIAGO DE LA SELVA,366.3479168,18
21964,18860,18860038,CAQUETÁ,VALPARAÍSO,LAS ACACIAS,960.3178808,18
21965,18860,18860052,CAQUETÁ,VALPARAÍSO,PALESTINA,1423.287293,18
21966,18860,18860011,CAQUETÁ,VALPARAÍSO,EL CEDRAL,1171.849655,18
21967,18860,18860045,CAQUETÁ,VALPARAÍSO,LOS LAURELES,1516.643308,18
21968,18860,18860041,CAQUETÁ,VALPARAÍSO,LAS NIEVES ARRIBA,901.3144131,18
21969,18860,18860006,CAQUETÁ,VALPARAÍSO,BELLO HORIZONTE,3160.23644,18
21970,18860,18860050,CAQUETÁ,VALPARAÍSO,MIRAVALLE BAJO,1126.948085,18
21971,18860,18860000,CAQUETÁ,VALPARAÍSO,ALTO VERGEL,1107.552509,18
21972,18860,18860051,CAQUETÁ,VALPARAÍSO,NUEVA GRANADA,1700.468322,18
21973,18860,18860009,CAQUETÁ,VALPARAÍSO,COSTA RICA,1900.064792,18
21974,18860,18860039,CAQUETÁ,VALPARAÍSO,LAS MERCEDES,1527.471124,18
21975,18860,18860020,CAQUETÁ,VALPARAÍSO,GALILEA,1323.749096,18
21976,18860,18860049,CAQUETÁ,VALPARAÍSO,MIRAVALLE ALTO,1256.101085,18
21977,18860,18860002,CAQUETÁ,VALPARAÍSO,ANDALUCIA,1264.841093,18
21978,18860,18860060,CAQUETÁ,VALPARAÍSO,SANTA FÉ  TROCHA DIEZ,1514.478238,18
21979,18860,18860017,CAQUETÁ,VALPARAÍSO,EL TOPACIO BAJO,730.8528946,18
21980,18860,18860018,CAQUETÁ,VALPARAÍSO,EL VATICANO,1314.033822,18
21981,18860,18860019,CAQUETÁ,VALPARAÍSO,EL VERGEL,1435.723974,18
21982,18860,18860012,CAQUETÁ,VALPARAÍSO,EL ENCANTO,1659.936378,18
21983,18860,18860054,CAQUETÁ,VALPARAÍSO,PRADERA NUEVA,1896.445074,18
21984,18860,18860063,CAQUETÁ,VALPARAÍSO,TOPACIO ALTO,1325.261496,18
21985,18860,18860029,CAQUETÁ,VALPARAÍSO,LA MUÑOZ,1790.878677,18
21986,18860,18860026,CAQUETÁ,VALPARAÍSO,LA LEONA,1729.163625,18
21987,18860,18860014,CAQUETÁ,VALPARAÍSO,EL PORVENIR,929.7632818,18
21988,18860,18860057,CAQUETÁ,VALPARAÍSO,SAN PEDRO,1681.450757,18
21989,18860,18860046,CAQUETÁ,VALPARAÍSO,LUSITANIA,2266.078261,18
21990,18860,18860043,CAQUETÁ,VALPARAÍSO,LOS ANDES,1647.41996,18
21991,18860,18860010,CAQUETÁ,VALPARAÍSO,EL AGUILA,1522.481228,18
21992,18860,18860007,CAQUETÁ,VALPARAÍSO,BUENAVISTA,2708.979259,18
21993,18860,18860058,CAQUETÁ,VALPARAÍSO,SAN PEDRO MEDIO,1243.719884,18
21994,18860,18860061,CAQUETÁ,VALPARAÍSO,SANTA RITA,1130.45148,18
21995,18860,18860025,CAQUETÁ,VALPARAÍSO,LA FLORIDA,2566.173516,18
21996,18860,18860030,CAQUETÁ,VALPARAÍSO,LA PAUJITA,1416.039127,18
21997,18860,18860032,CAQUETÁ,VALPARAÍSO,LA REFORMA,977.8437598,18
21998,18860,18860021,CAQUETÁ,VALPARAÍSO,LA CURVINATA,1384.082441,18
21999,18860,18860027,CAQUETÁ,VALPARAÍSO,LA LIBERIA,2665.347372,18
22000,18860,18860022,CAQUETÁ,VALPARAÍSO,LA ESMERALDA,5658.660713,18
22001,18860,18860053,CAQUETÁ,VALPARAÍSO,PLAYA RICA,1378.752102,18
22002,18860,18860028,CAQUETÁ,VALPARAÍSO,LA MACARENA,1918.607675,18
22003,18860,18860008,CAQUETÁ,VALPARAÍSO,BUENOS AIRES,432.5275697,18
22004,18860,18860013,CAQUETÁ,VALPARAÍSO,EL PALMITO,1511.09846,18
22005,18860,18860068,CAQUETÁ,VALPARAÍSO,SAN ANDRESITO,1987.976809,18
22006,18860,18860064,CAQUETÁ,VALPARAÍSO,LOS ÁNGELES,1376.139,18
22007,18860,18860067,CAQUETÁ,VALPARAÍSO,DELICIAS,2084.481121,18
22008,18860,18860069,CAQUETÁ,VALPARAÍSO,ALTO BERLÍN,1529.475544,18
22009,18860,18860065,CAQUETÁ,VALPARAÍSO,EL CEDRAL,1860.697093,18
22010,18860,18860070,CAQUETÁ,VALPARAÍSO,LAS FLORES,934.7031934,18
22011,18860,18860072,CAQUETÁ,VALPARAÍSO,EL JAVO,390.3784304,18
22012,18860,18860071,CAQUETÁ,VALPARAÍSO,EL TERORO,504.6168043,18
22013,18860,18860073,CAQUETÁ,VALPARAÍSO,BAJO BERLÍN,366.4708708,18
22014,18860,18860033,CAQUETÁ,VALPARAÍSO,LA RICO,4775.711304,18
22015,18785,18785030,CAQUETÁ,SOLITA,CORRENTOSO,1664.721582,18
22016,18785,18785027,CAQUETÁ,SOLITA,BOCANA CHONTILLOSA,1888.586367,18
22017,18785,18785028,CAQUETÁ,SOLITA,CHONTILLOSA MEDIA,2337.974781,18
22018,18785,18785005,CAQUETÁ,SOLITA,LAS BRISAS,1321.055207,18
22019,18785,18785026,CAQUETÁ,SOLITA,LA SAMARIA,2337.525768,18
22020,18785,18785025,CAQUETÁ,SOLITA,CUSUBRE,2154.782952,18
22021,18785,18785003,CAQUETÁ,SOLITA,LAS PALMERAS,2326.363641,18
22022,18785,18785024,CAQUETÁ,SOLITA,EL CASTILLO,2693.405179,18
22023,18785,18785023,CAQUETÁ,SOLITA,VILLA GERMANIA,2410.309184,18
22024,18785,18785022,CAQUETÁ,SOLITA,NUEVO RETIRO,1691.249087,18
22025,18785,18785021,CAQUETÁ,SOLITA,LA PAZ,1561.770522,18
22026,18785,18785019,CAQUETÁ,SOLITA,BAJO BERLÍN,1806.486198,18
22027,18785,18785018,CAQUETÁ,SOLITA,EL JAVO,1762.327605,18
22028,18785,18785017,CAQUETÁ,SOLITA,EL TERORO,1306.916139,18
22029,18785,18785015,CAQUETÁ,SOLITA,EL VENADO,1542.276992,18
22030,18785,18785020,CAQUETÁ,SOLITA,EL AMPARO,3606.996747,18
22031,18785,18785016,CAQUETÁ,SOLITA,EL RECREO,2470.727476,18
22032,18785,18785000,CAQUETÁ,SOLITA,CRISTALINA,3349.10381,18
22033,18785,18785014,CAQUETÁ,SOLITA,ESPAÑOLA,2016.49327,18
22034,18785,18785012,CAQUETÁ,SOLITA,ATANQUEZ,1587.355691,18
22035,18785,18785004,CAQUETÁ,SOLITA,MARCELA,1709.923333,18
22036,18785,18785001,CAQUETÁ,SOLITA,LA LIBERTAD,1055.149538,18
22037,18785,18785002,CAQUETÁ,SOLITA,EL PROGRESO,685.5092838,18
22038,18785,18785029,CAQUETÁ,SOLITA,SINAÍ,777.8648246,18
22039,18785,18785013,CAQUETÁ,SOLITA,LAS FLORES,898.658007,18
22040,18785,18785031,CAQUETÁ,SOLITA,LA UNIÓN SINCELEJO,619.0979112,18
22041,18756,18756064,CAQUETÁ,SOLANO,LA GRAN VIA,3096.663837,18
22042,18756,18756047,CAQUETÁ,SOLANO,LA CANDELARIA,5634.662859,18
22043,18756,18756119,CAQUETÁ,SOLANO,RIOFRIO,4119.851936,18
22044,18756,18756069,CAQUETÁ,SOLANO,LA MARIELA,2788.026519,18
22045,18756,18756127,CAQUETÁ,SOLANO,SAN MIGUEL,4185.656958,18
22046,18756,18756066,CAQUETÁ,SOLANO,LA GRANJA LA ESCUELA,14528.38588,18
22047,18756,18756031,CAQUETÁ,SOLANO,EL KIOSKO LA GRANJA,2293.744711,18
22048,18756,18756065,CAQUETÁ,SOLANO,LA GRANJA,2935.832805,18
22049,18756,18756052,CAQUETÁ,SOLANO,ZIPAQUIRA,10254.27294,18
22050,18756,18756033,CAQUETÁ,SOLANO,EL OCASO,1565.925133,18
22051,18756,18756045,CAQUETÁ,SOLANO,LA CABANA,2600.624956,18
22052,18756,18756051,CAQUETÁ,SOLANO,ZIPACON,3470.137483,18
22053,18756,18756049,CAQUETÁ,SOLANO,LA CAPILLA,25544.8242,18
22054,18756,18756116,CAQUETÁ,SOLANO,QUEBRADANUEVA,2777.346484,18
22055,18756,18756136,CAQUETÁ,SOLANO,VALLEJUELO,1887.587178,18
22056,18756,18756048,CAQUETÁ,SOLANO,ZETAQUIRA,34494.71859,18
22057,18756,18756079,CAQUETÁ,SOLANO,LIMONES,1912.312492,18
22058,18756,18756058,CAQUETÁ,SOLANO,LA ESTACION,29517.33819,18
22059,18756,18756038,CAQUETÁ,SOLANO,EL VERGEL,2989.276693,18
22060,18756,18756046,CAQUETÁ,SOLANO,ZARZAL,11290.8079,18
22061,18756,18756029,CAQUETÁ,SOLANO,EL CODITO,23273.25286,18
22062,18756,18756071,CAQUETÁ,SOLANO,LA PILA,7667.020509,18
22063,18756,18756166,CAQUETÁ,SOLANO,ZARAGOZA,30292.01704,18
22064,18756,18756098,CAQUETÁ,SOLANO,PATO,1300.064322,18
22065,18756,18756138,CAQUETÁ,SOLANO,VEGAS DE SEGOVIA,30690.89749,18
22066,18756,18756099,CAQUETÁ,SOLANO,PIEDRAS DE MOLER,2720.224949,18
22067,18756,18756015,CAQUETÁ,SOLANO,CANO DE AGUAS,1105.164107,18
22068,18756,18756011,CAQUETÁ,SOLANO,BUENOS AIRES,34766.8663,18
22069,18756,18756083,CAQUETÁ,SOLANO,LOS CERRITOS,20844.59596,18
22070,18756,18756017,CAQUETÁ,SOLANO,CAPUCHO,13199.70357,18
22071,18756,18756100,CAQUETÁ,SOLANO,PIEDRAS PINTADAS,13425.84858,18
22072,18756,18756008,CAQUETÁ,SOLANO,ARROYOHONDO,4599.564973,18
22073,18756,18756101,CAQUETÁ,SOLANO,PILAS DE DAPA,10117.67445,18
22074,18756,18756024,CAQUETÁ,SOLANO,DAPA,1220.801829,18
22075,18756,18756089,CAQUETÁ,SOLANO,MIRAVALLE DAPA,3031.937927,18
22076,18756,18756086,CAQUETÁ,SOLANO,MANGA VIEJA,2592.071762,18
22077,18756,18756090,CAQUETÁ,SOLANO,MIRAVALLE NORTE,7834.912216,18
22078,18756,18756162,CAQUETÁ,SOLANO,YOTOCO,1811.347042,18
22079,18756,18756108,CAQUETÁ,SOLANO,PUENTETIERRA,5093.510704,18
22080,18756,18756087,CAQUETÁ,SOLANO,MEDIACANOA,33147.68302,18
22081,18756,18756025,CAQUETÁ,SOLANO,EL CANEY,2980.42376,18
22082,18756,18756164,CAQUETÁ,SOLANO,ZAMBRANO,10763.99918,18
22083,18756,18756034,CAQUETÁ,SOLANO,EL PEDREGAL,5029.132357,18
22084,18756,18756115,CAQUETÁ,SOLANO,PUNTA DE PIEDRAS,65211.24485,18
22085,18756,18756165,CAQUETÁ,SOLANO,ZAPATOCA,22063.4974,18
22086,18756,18756122,CAQUETÁ,SOLANO,SAN ANTONIO DE PIEDRAS,18760.32488,18
22087,18756,18756028,CAQUETÁ,SOLANO,EL CHOCHO,36029.30686,18
22088,18756,18756163,CAQUETÁ,SOLANO,YUMBO,26450.84102,18
22089,18756,18756084,CAQUETÁ,SOLANO,LOS PLANES,30093.71725,18
22090,18756,18756125,CAQUETÁ,SOLANO,SAN MARCOS,20010.3381,18
22091,18756,18756054,CAQUETÁ,SOLANO,LA CHAPARRERA,3562.014227,18
22092,18756,18756019,CAQUETÁ,SOLANO,CASABE,2346.887609,18
22093,18756,18756128,CAQUETÁ,SOLANO,SAN MIGUEL DEL TIGRE,2498.671925,18
22094,18756,18756161,CAQUETÁ,SOLANO,YOPAL,97336.51653,18
22095,18756,18756067,CAQUETÁ,SOLANO,LA GUAFILLA,40465.26266,18
22096,18756,18756032,CAQUETÁ,SOLANO,EL MORRO,56369.41822,18
22097,18756,18756091,CAQUETÁ,SOLANO,MORICHAL,28072.80518,18
22098,18756,18756132,CAQUETÁ,SOLANO,TILODIRAN,95032.5674,18
22099,18756,18756094,CAQUETÁ,SOLANO,OCHALI,31126.32477,18
22100,18756,18756159,CAQUETÁ,SOLANO,YARUMAL,24032.42034,18
22101,18756,18756035,CAQUETÁ,SOLANO,EL PUEBLITO,4669.440496,18
22102,18756,18756027,CAQUETÁ,SOLANO,EL CEDRO,39041.5282,18
22103,18756,18756063,CAQUETÁ,SOLANO,LA FUENTE,112259.1733,18
22104,18756,18756157,CAQUETÁ,SOLANO,YAGUARA,38190.71881,18
22105,18756,18756114,CAQUETÁ,SOLANO,PUNTA BRAVA,109507.3266,18
22106,18756,18756020,CAQUETÁ,SOLANO,CEDENO,31417.44074,18
22107,18756,18756068,CAQUETÁ,SOLANO,LA LLANERITA,52321.23888,18
22108,18756,18756160,CAQUETÁ,SOLANO,YOLOMBO,83073.05391,18
22109,18756,18756156,CAQUETÁ,SOLANO,YACUANQUER,91876.86589,18
22110,18756,18756081,CAQUETÁ,SOLANO,LLANOS DE CUIBA,75659.64346,18
22111,18756,18756060,CAQUETÁ,SOLANO,LA FLORESTA,114875.2452,18
22112,18756,18756131,CAQUETÁ,SOLANO,TERAN,21449.17468,18
22113,18756,18756158,CAQUETÁ,SOLANO,YALI,34358.8945,18
22114,18756,18756041,CAQUETÁ,SOLANO,GUADUALITO,91306.50114,18
22115,18756,18756026,CAQUETÁ,SOLANO,EL CASTILLO,32393.09594,18
22116,18756,18756155,CAQUETÁ,SOLANO,YACOPI,69687.76159,18
22117,18756,18756102,CAQUETÁ,SOLANO,PINALITO,5736.348384,18
22118,18756,18756110,CAQUETÁ,SOLANO,PUERTO LUCAS PARTE DERECHA,17578.06532,18
22119,18756,18756106,CAQUETÁ,SOLANO,PTO ESPERANZA MARGEN DERCHA,4810.744127,18
22120,18756,18756152,CAQUETÁ,SOLANO,VIRACACHA,87194.22767,18
22121,18756,18756154,CAQUETÁ,SOLANO,VITERBO,108254.1781,18
22122,18756,18756151,CAQUETÁ,SOLANO,VIOTA,62579.27876,18
22123,18756,18756123,CAQUETÁ,SOLANO,SAN GABRIEL,7124.227966,18
22124,18756,18756150,CAQUETÁ,SOLANO,VILLAVIEJA,8069.178607,18
22125,18756,18756109,CAQUETÁ,SOLANO,PUERTO LUCAS,71096.70286,18
22126,18756,18756042,CAQUETÁ,SOLANO,HATO NUEVO,15870.69036,18
22127,18756,18756117,CAQUETÁ,SOLANO,RINCON POMPEYA,2752.487403,18
22128,18756,18756149,CAQUETÁ,SOLANO,VILLAVICENCIO,49089.57616,18
22129,18756,18756153,CAQUETÁ,SOLANO,VISTAHERMOSA,72966.96298,18
22130,18756,18756129,CAQUETÁ,SOLANO,SANTA ROSA,11595.94884,18
22131,18756,18756005,CAQUETÁ,SOLANO,ALTO POMPEYA,10321.05896,18
22132,18756,18756104,CAQUETÁ,SOLANO,POTOSI,15902.03199,18
22133,18756,18756055,CAQUETÁ,SOLANO,LA COLONIA,3317.48726,18
22134,18756,18756103,CAQUETÁ,SOLANO,PIPIRAL,19847.97196,18
22135,18756,18756148,CAQUETÁ,SOLANO,VILLARRICA,2029.251098,18
22136,18756,18756004,CAQUETÁ,SOLANO,ALTO GUIANI,50350.83938,18
22137,18756,18756070,CAQUETÁ,SOLANO,LA NOHORA,4914.51608,18
22138,18756,18756053,CAQUETÁ,SOLANO,LA CECILIA,7120.457084,18
22139,18756,18756076,CAQUETÁ,SOLANO,LA VICTORIA,35465.26468,18
22140,18756,18756056,CAQUETÁ,SOLANO,LA CONCEPCION,52462.08532,18
22141,18756,18756146,CAQUETÁ,SOLANO,VILLANUEVA,6138.033545,18
22142,18756,18756121,CAQUETÁ,SOLANO,SAN AGUSTIN,145257.5119,18
22143,18756,18756018,CAQUETÁ,SOLANO,CARIBAYONA,14681.51041,18
22144,18756,18756147,CAQUETÁ,SOLANO,VILLAPINZON,15589.34045,18
22145,18756,18756022,CAQUETÁ,SOLANO,CONSAYA,24454.4643,18
22146,18756,18756009,CAQUETÁ,SOLANO,BAGAZAL,78769.74353,18
22147,18756,18756097,CAQUETÁ,SOLANO,PARTIDAS,6583.6789,18
22148,18756,18756006,CAQUETÁ,SOLANO,ALTO VILLARAZO,7333.616701,18
22149,18756,18756093,CAQUETÁ,SOLANO,NUEVO RIO CLARO,2860.439051,18
22150,18756,18756080,CAQUETÁ,SOLANO,LLANITOS,31125.89691,18
22151,18756,18756124,CAQUETÁ,SOLANO,SAN JULIAN,22294.04447,18
22152,18756,18756145,CAQUETÁ,SOLANO,VILLAHERMOSA,1862.297019,18
22153,18756,18756112,CAQUETÁ,SOLANO,PUERTO UMBRIA,11544.04628,18
22154,18756,18756050,CAQUETÁ,SOLANO,LA CASTELLANA,18289.81778,18
22155,18756,18756002,CAQUETÁ,SOLANO,ALTO DE LA CRUZ  -  LOS CUERVOS,44030.87984,18
22156,18756,18756062,CAQUETÁ,SOLANO,LA FRESNEDA,2155.854984,18
22157,18756,18756118,CAQUETÁ,SOLANO,RIOCLARO,46684.19931,18
22158,18756,18756142,CAQUETÁ,SOLANO,VIGIA DEL FUERTE,1777.651155,18
22159,18756,18756144,CAQUETÁ,SOLANO,VILLA DEL ROSARIO,7217.779303,18
22160,18756,18756030,CAQUETÁ,SOLANO,EL DOCE,2450.05085,18
22161,18756,18756120,CAQUETÁ,SOLANO,ROSAL,13402.97922,18
22162,18756,18756096,CAQUETÁ,SOLANO,PALOGORDO,68303.87855,18
22163,18756,18756023,CAQUETÁ,SOLANO,COROZAL,86327.30223,18
22164,18756,18756036,CAQUETÁ,SOLANO,EL QUINCE,1791.950975,18
22165,18756,18756143,CAQUETÁ,SOLANO,VILLA CARO,30863.43585,18
22166,18756,18756141,CAQUETÁ,SOLANO,VETAS,664.2473697,18
22167,18756,18756072,CAQUETÁ,SOLANO,LA PLAYA,1703.706349,18
22168,18756,18756111,CAQUETÁ,SOLANO,PUERTO NUEVO,1967.826229,18
22169,18756,18756088,CAQUETÁ,SOLANO,MIRAFLORES,60757.68436,18
22170,18756,18756014,CAQUETÁ,SOLANO,CAMPOALEGRE,1933.738362,18
22171,18756,18756001,CAQUETÁ,SOLANO,ALTERNATIVA,10381.57297,18
22172,18756,18756061,CAQUETÁ,SOLANO,LA FLORIDA,1349.138076,18
22173,18756,18756073,CAQUETÁ,SOLANO,LA PRIMAVERA,20170.4582,18
22174,18756,18756021,CAQUETÁ,SOLANO,CERINZA,353.0419402,18
22175,18756,18756167,CAQUETÁ,SOLANO,MONUGETE,9800.023451,18
22176,18756,18756139,CAQUETÁ,SOLANO,VENECIA,3914.27544,18
22177,18756,18756075,CAQUETÁ,SOLANO,LA SIERRITA,3541.258681,18
22178,18756,18756107,CAQUETÁ,SOLANO,PUENTE BOYACA,9464.078054,18
22179,18756,18756037,CAQUETÁ,SOLANO,EL TREBOL,10571.09125,18
22180,18756,18756077,CAQUETÁ,SOLANO,LAS BRISAS,2599.486949,18
22181,18756,18756013,CAQUETÁ,SOLANO,CACHIMBAL,31407.60189,18
22182,18756,18756130,CAQUETÁ,SOLANO,SANTIAGO DE LA SELVA,1742.06726,18
22183,18756,18756137,CAQUETÁ,SOLANO,VALPARAISO,2550.039124,18
22184,18756,18756074,CAQUETÁ,SOLANO,LA REINA,4444.657974,18
22185,18756,18756012,CAQUETÁ,SOLANO,CABAÑITA,2385.050721,18
22186,18756,18756126,CAQUETÁ,SOLANO,SAN MARTIN,3180.798715,18
22187,18756,18756092,CAQUETÁ,SOLANO,MURRAPAL,15287.88989,18
22188,18756,18756085,CAQUETÁ,SOLANO,LOS VENADOS,2102.250255,18
22189,18756,18756078,CAQUETÁ,SOLANO,LAS MERCEDES,2398.739109,18
22190,18756,18756059,CAQUETÁ,SOLANO,LA FE,30547.74687,18
22191,18756,18756105,CAQUETÁ,SOLANO,POTREROS,5556.612407,18
22192,18756,18756082,CAQUETÁ,SOLANO,LOS CALABAZOS,2053.576665,18
22193,18756,18756043,CAQUETÁ,SOLANO,JERICHA,2224.756167,18
22194,18756,18756044,CAQUETÁ,SOLANO,JUNIN,41929.65758,18
22195,18756,18756039,CAQUETÁ,SOLANO,ESMERALDA,2413.888128,18
22196,18756,18756010,CAQUETÁ,SOLANO,BUCHADO,84474.43906,18
22197,18756,18756016,CAQUETÁ,SOLANO,CAÑO VERDE,27636.56649,18
22198,18756,18756140,CAQUETÁ,SOLANO,VERSALLES,25723.9621,18
22199,18756,18756003,CAQUETÁ,SOLANO,ALTO DE LA VUELTA,45959.15671,18
22200,18756,18756113,CAQUETÁ,SOLANO,PUERTO VALDIVIA,64720.33059,18
22201,18756,18756095,CAQUETÁ,SOLANO,PALMARROSA,92083.98923,18
22202,18756,18756135,CAQUETÁ,SOLANO,VALLE DE SAN JUAN,137168.7983,18
22203,18756,18756040,CAQUETÁ,SOLANO,GUACAMAYAS,1346.300279,18
22204,18756,18756134,CAQUETÁ,SOLANO,VALENCIA,4025.525437,18
22205,18756,18756057,CAQUETÁ,SOLANO,LA ESPERANZA,3512.469992,18
22206,18753,18753169,CAQUETÁ,SAN VICENTE DEL CAGUÁN,CANDILEJAS SUDOESTE,22211.05924,18
22207,18753,18753153,CAQUETÁ,SAN VICENTE DEL CAGUÁN,CIUDAD YARI,110471.9408,18
22208,18753,18753001,CAQUETÁ,SAN VICENTE DEL CAGUÁN,BAJO PALERMO,1487.865266,18
22209,18753,18753003,CAQUETÁ,SAN VICENTE DEL CAGUÁN,LA ESTRELLA,70095.74808,18
22210,18753,18753002,CAQUETÁ,SAN VICENTE DEL CAGUÁN,LA NOVIA CELESTIAL,20494.0021,18
22211,18753,18753004,CAQUETÁ,SAN VICENTE DEL CAGUÁN,LOS LIRIOS,2423.411572,18
22212,18753,18753005,CAQUETÁ,SAN VICENTE DEL CAGUÁN,PENSILVANIA,2982.437152,18
22213,18753,18753035,CAQUETÁ,SAN VICENTE DEL CAGUÁN,LA TUNIA,725453.9974,18
22214,18753,18753006,CAQUETÁ,SAN VICENTE DEL CAGUÁN,EL CAMUYA,45194.28643,18
22215,18753,18753007,CAQUETÁ,SAN VICENTE DEL CAGUÁN,PALERMITO,3555.08644,18
22216,18753,18753166,CAQUETÁ,SAN VICENTE DEL CAGUÁN,CANDILEJAS NORESTE,16936.6163,18
22217,18753,18753008,CAQUETÁ,SAN VICENTE DEL CAGUÁN,LAS VIOLETAS,3185.036329,18
22218,18753,18753161,CAQUETÁ,SAN VICENTE DEL CAGUÁN,VILLALOBOS,8646.174773,18
22219,18753,18753009,CAQUETÁ,SAN VICENTE DEL CAGUÁN,EL SINAI,9836.923416,18
22220,18753,18753010,CAQUETÁ,SAN VICENTE DEL CAGUÁN,LAS GAVIOTAS,3272.471452,18
22221,18753,18753160,CAQUETÁ,SAN VICENTE DEL CAGUÁN,LA PORCELANA,3149.861678,18
22222,18753,18753014,CAQUETÁ,SAN VICENTE DEL CAGUÁN,CANDILEJAS ESTE,90151.23209,18
22223,18753,18753012,CAQUETÁ,SAN VICENTE DEL CAGUÁN,SINCELEJO,3898.06996,18
22224,18753,18753013,CAQUETÁ,SAN VICENTE DEL CAGUÁN,BETANIA,7829.651288,18
22225,18753,18753015,CAQUETÁ,SAN VICENTE DEL CAGUÁN,PRIMAVERA CARRUSEL,2200.190381,18
22226,18753,18753016,CAQUETÁ,SAN VICENTE DEL CAGUÁN,PALERMITO (BETANIA),1744.433792,18
22227,18753,18753017,CAQUETÁ,SAN VICENTE DEL CAGUÁN,JERUSALEN,3718.094578,18
22228,18753,18753018,CAQUETÁ,SAN VICENTE DEL CAGUÁN,ALTO PALERMO,1929.588445,18
22229,18753,18753019,CAQUETÁ,SAN VICENTE DEL CAGUÁN,SANTA ROSA,3569.491442,18
22230,18753,18753167,CAQUETÁ,SAN VICENTE DEL CAGUÁN,CANDILEJAS NORTE,27724.10804,18
22231,18753,18753158,CAQUETÁ,SAN VICENTE DEL CAGUÁN,CIRCASIA,1773.506098,18
22232,18753,18753020,CAQUETÁ,SAN VICENTE DEL CAGUÁN,LOS PINOS,2454.652992,18
22233,18753,18753021,CAQUETÁ,SAN VICENTE DEL CAGUÁN,PALESTINA,1332.681021,18
22234,18753,18753022,CAQUETÁ,SAN VICENTE DEL CAGUÁN,LAS DAMAS,21194.91169,18
22235,18753,18753023,CAQUETÁ,SAN VICENTE DEL CAGUÁN,EL RETIRO,7115.849071,18
22236,18753,18753024,CAQUETÁ,SAN VICENTE DEL CAGUÁN,EL BORUGO,790.6354899,18
22237,18753,18753025,CAQUETÁ,SAN VICENTE DEL CAGUÁN,ISLA GRANDE,2935.673992,18
22238,18753,18753026,CAQUETÁ,SAN VICENTE DEL CAGUÁN,YARUMALES,3347.802392,18
22239,18753,18753028,CAQUETÁ,SAN VICENTE DEL CAGUÁN,EL GUAYABO,13915.42558,18
22240,18753,18753027,CAQUETÁ,SAN VICENTE DEL CAGUÁN,ALTO SAN LORENZO,9266.832818,18
22241,18753,18753029,CAQUETÁ,SAN VICENTE DEL CAGUÁN,MANDALAY,3473.078562,18
22242,18753,18753030,CAQUETÁ,SAN VICENTE DEL CAGUÁN,PALMICHALES,3476.832853,18
22243,18753,18753031,CAQUETÁ,SAN VICENTE DEL CAGUÁN,EL DIAMANTE 2,1461.486273,18
22244,18753,18753032,CAQUETÁ,SAN VICENTE DEL CAGUÁN,LAS MESAS,997.165327,18
22245,18753,18753033,CAQUETÁ,SAN VICENTE DEL CAGUÁN,PALMICHALES (TRES ESQUINAS),2583.043788,18
22246,18753,18753039,CAQUETÁ,SAN VICENTE DEL CAGUÁN,EL PROGRESO,9173.214994,18
22247,18753,18753036,CAQUETÁ,SAN VICENTE DEL CAGUÁN,TRES ESQUINAS,590.3284036,18
22248,18753,18753037,CAQUETÁ,SAN VICENTE DEL CAGUÁN,NUEVO PALMICHALES,6334.605886,18
22249,18753,18753038,CAQUETÁ,SAN VICENTE DEL CAGUÁN,LA CIENAGA,1862.938393,18
22250,18753,18753040,CAQUETÁ,SAN VICENTE DEL CAGUÁN,SANTO DOMINGO MEDIO,5030.377633,18
22251,18753,18753041,CAQUETÁ,SAN VICENTE DEL CAGUÁN,EL SILENCIO,3813.520915,18
22252,18753,18753042,CAQUETÁ,SAN VICENTE DEL CAGUÁN,SANTO DOMINGO ALTO,3863.095869,18
22253,18753,18753043,CAQUETÁ,SAN VICENTE DEL CAGUÁN,CAMPO HERMOSO,770.0896605,18
22254,18753,18753044,CAQUETÁ,SAN VICENTE DEL CAGUÁN,LUZ GRANDE LOS ANGELES,5373.864628,18
22255,18753,18753046,CAQUETÁ,SAN VICENTE DEL CAGUÁN,LA ESMERALDA,4207.968314,18
22256,18753,18753047,CAQUETÁ,SAN VICENTE DEL CAGUÁN,LUZ CHIQUITA MEDIA,4393.792054,18
22257,18753,18753048,CAQUETÁ,SAN VICENTE DEL CAGUÁN,PUENTE GUAMO,2696.602863,18
22258,18753,18753172,CAQUETÁ,SAN VICENTE DEL CAGUÁN,LUZ GRANDE,6060.335885,18
22259,18753,18753049,CAQUETÁ,SAN VICENTE DEL CAGUÁN,GUAMALITO Y BAJO PLUMERO,2011.68219,18
22260,18753,18753050,CAQUETÁ,SAN VICENTE DEL CAGUÁN,EL PLUMERO,4120.332448,18
22261,18753,18753051,CAQUETÁ,SAN VICENTE DEL CAGUÁN,SANTA MARTA,2393.228631,18
22262,18753,18753052,CAQUETÁ,SAN VICENTE DEL CAGUÁN,SOTARA,2768.062415,18
22263,18753,18753062,CAQUETÁ,SAN VICENTE DEL CAGUÁN,LA NUTRIA,6452.89474,18
22264,18753,18753053,CAQUETÁ,SAN VICENTE DEL CAGUÁN,PARCELACION EL LIBANO,1303.74713,18
22265,18753,18753055,CAQUETÁ,SAN VICENTE DEL CAGUÁN,TROCHA AL LLANO,6636.94455,18
22266,18753,18753056,CAQUETÁ,SAN VICENTE DEL CAGUÁN,LAS CEIBAS,932.3150453,18
22267,18753,18753057,CAQUETÁ,SAN VICENTE DEL CAGUÁN,ALTO PUENTE GUAMO,8224.09649,18
22268,18753,18753054,CAQUETÁ,SAN VICENTE DEL CAGUÁN,LA PALMA,7758.308105,18
22269,18753,18753059,CAQUETÁ,SAN VICENTE DEL CAGUÁN,BALCONES,3593.580893,18
22270,18753,18753060,CAQUETÁ,SAN VICENTE DEL CAGUÁN,ALTA GUADUALOSA,3071.178666,18
22271,18753,18753061,CAQUETÁ,SAN VICENTE DEL CAGUÁN,CARBONAL,2419.393411,18
22272,18753,18753063,CAQUETÁ,SAN VICENTE DEL CAGUÁN,CASAS GRANDES,2427.075275,18
22273,18753,18753064,CAQUETÁ,SAN VICENTE DEL CAGUÁN,CEIBAS ARRIBA,2513.367997,18
22274,18753,18753067,CAQUETÁ,SAN VICENTE DEL CAGUÁN,GUADUALOSA DIAMANTE,2881.740757,18
22275,18753,18753069,CAQUETÁ,SAN VICENTE DEL CAGUÁN,EL DIGEN,2921.302617,18
22276,18753,18753070,CAQUETÁ,SAN VICENTE DEL CAGUÁN,TRONCALES,1242.968683,18
22277,18753,18753073,CAQUETÁ,SAN VICENTE DEL CAGUÁN,ARENOSO,5404.068927,18
22278,18753,18753074,CAQUETÁ,SAN VICENTE DEL CAGUÁN,EL DIVISO,2596.275693,18
22279,18753,18753075,CAQUETÁ,SAN VICENTE DEL CAGUÁN,LA NUEVA ETAPA,895.5213657,18
22280,18753,18753068,CAQUETÁ,SAN VICENTE DEL CAGUÁN,VENEZUELA,4618.907103,18
22281,18753,18753077,CAQUETÁ,SAN VICENTE DEL CAGUÁN,MEDIA ARGELIA,4887.248109,18
22282,18753,18753078,CAQUETÁ,SAN VICENTE DEL CAGUÁN,LA TOLDA,1545.195171,18
22283,18753,18753082,CAQUETÁ,SAN VICENTE DEL CAGUÁN,LAS PALMERAS,1992.853952,18
22284,18753,18753080,CAQUETÁ,SAN VICENTE DEL CAGUÁN,LA ARGENTINA,2133.023301,18
22285,18753,18753079,CAQUETÁ,SAN VICENTE DEL CAGUÁN,LA ILUSIÓN,797.8108872,18
22286,18753,18753081,CAQUETÁ,SAN VICENTE DEL CAGUÁN,EL REFLEJO,1259.302903,18
22287,18753,18753083,CAQUETÁ,SAN VICENTE DEL CAGUÁN,ALTO ARENOSO,3133.565645,18
22288,18753,18753084,CAQUETÁ,SAN VICENTE DEL CAGUÁN,BELGICA,1484.137533,18
22289,18753,18753092,CAQUETÁ,SAN VICENTE DEL CAGUÁN,POSETAS,1757.263429,18
22290,18753,18753086,CAQUETÁ,SAN VICENTE DEL CAGUÁN,LA DANTA,1699.899191,18
22291,18753,18753087,CAQUETÁ,SAN VICENTE DEL CAGUÁN,LA BAJA CONSULTA,6310.386893,18
22292,18753,18753088,CAQUETÁ,SAN VICENTE DEL CAGUÁN,LA BARRIALOSA,2777.467686,18
22293,18753,18753089,CAQUETÁ,SAN VICENTE DEL CAGUÁN,LA CABAÑA,2021.136174,18
22294,18753,18753090,CAQUETÁ,SAN VICENTE DEL CAGUÁN,ALTA CONSULTA,2195.43589,18
22295,18753,18753091,CAQUETÁ,SAN VICENTE DEL CAGUÁN,LA MEDIA,2397.418975,18
22296,18753,18753093,CAQUETÁ,SAN VICENTE DEL CAGUÁN,SAN VENANCIO,2330.732218,18
22297,18753,18753097,CAQUETÁ,SAN VICENTE DEL CAGUÁN,NUEVO HORIZONTE,2941.709315,18
22298,18753,18753098,CAQUETÁ,SAN VICENTE DEL CAGUÁN,LA GRANADA,7058.047821,18
22299,18753,18753099,CAQUETÁ,SAN VICENTE DEL CAGUÁN,ALTO CACAO,1325.949318,18
22300,18753,18753100,CAQUETÁ,SAN VICENTE DEL CAGUÁN,EL CAIMAN,1183.583386,18
22301,18753,18753102,CAQUETÁ,SAN VICENTE DEL CAGUÁN,LAS LAJAS,3144.084047,18
22302,18753,18753104,CAQUETÁ,SAN VICENTE DEL CAGUÁN,LAS VEGAS BAJO PATO,2526.810481,18
22303,18753,18753107,CAQUETÁ,SAN VICENTE DEL CAGUÁN,EL SALADO,1067.747762,18
22304,18753,18753105,CAQUETÁ,SAN VICENTE DEL CAGUÁN,LA URRACA,1873.770136,18
22305,18753,18753106,CAQUETÁ,SAN VICENTE DEL CAGUÁN,GUACAMAYAS,989.5394269,18
22306,18753,18753108,CAQUETÁ,SAN VICENTE DEL CAGUÁN,FILOLARGO,1016.012458,18
22307,18753,18753159,CAQUETÁ,SAN VICENTE DEL CAGUÁN,EL CAFETO,1210.742525,18
22308,18753,18753110,CAQUETÁ,SAN VICENTE DEL CAGUÁN,LA MUSICA,6351.020544,18
22309,18753,18753111,CAQUETÁ,SAN VICENTE DEL CAGUÁN,EL DARIEN,4833.589852,18
22310,18753,18753112,CAQUETÁ,SAN VICENTE DEL CAGUÁN,GIBRALTAR,5374.749745,18
22311,18753,18753113,CAQUETÁ,SAN VICENTE DEL CAGUÁN,EL PORVENIR,2810.836241,18
22312,18753,18753114,CAQUETÁ,SAN VICENTE DEL CAGUÁN,MEDIO AVANCE,3495.526945,18
22313,18753,18753116,CAQUETÁ,SAN VICENTE DEL CAGUÁN,EL PESCADOR,3553.07308,18
22314,18753,18753117,CAQUETÁ,SAN VICENTE DEL CAGUÁN,VERACRUZ,3714.716729,18
22315,18753,18753118,CAQUETÁ,SAN VICENTE DEL CAGUÁN,MIROLINDO,5598.318952,18
22316,18753,18753119,CAQUETÁ,SAN VICENTE DEL CAGUÁN,EL PESCADO,4214.910678,18
22317,18753,18753120,CAQUETÁ,SAN VICENTE DEL CAGUÁN,PERLAS BAJO PATO,5630.578077,18
22318,18753,18753122,CAQUETÁ,SAN VICENTE DEL CAGUÁN,LA GAITANA,2852.134028,18
22319,18753,18753123,CAQUETÁ,SAN VICENTE DEL CAGUÁN,CAMPO BELLO,7286.038432,18
22320,18753,18753124,CAQUETÁ,SAN VICENTE DEL CAGUÁN,PUERTO AMOR,5304.849766,18
22321,18753,18753125,CAQUETÁ,SAN VICENTE DEL CAGUÁN,LAURELES,2250.833397,18
22322,18753,18753173,CAQUETÁ,SAN VICENTE DEL CAGUÁN,RESGUARDO INDÍGENA ALTAMIRA,10700.48654,18
22323,18753,18753126,CAQUETÁ,SAN VICENTE DEL CAGUÁN,LA CAMPANA,1635.892198,18
22324,18753,18753127,CAQUETÁ,SAN VICENTE DEL CAGUÁN,ALTO AVANCE,2805.18703,18
22325,18753,18753128,CAQUETÁ,SAN VICENTE DEL CAGUÁN,LAS MORRAS,3423.237219,18
22326,18753,18753129,CAQUETÁ,SAN VICENTE DEL CAGUÁN,CABILDO INDÍGENA ALTAMIRA,7511.66671,18
22327,18753,18753130,CAQUETÁ,SAN VICENTE DEL CAGUÁN,LAS PERLAS,7881.953869,18
22328,18753,18753131,CAQUETÁ,SAN VICENTE DEL CAGUÁN,LA UNION,2680.69963,18
22329,18753,18753132,CAQUETÁ,SAN VICENTE DEL CAGUÁN,LOS ANDES,1939.366878,18
22330,18753,18753133,CAQUETÁ,SAN VICENTE DEL CAGUÁN,CHORRERAS,2726.553706,18
22331,18753,18753134,CAQUETÁ,SAN VICENTE DEL CAGUÁN,MIRAVALLES,827.8460587,18
22332,18753,18753163,CAQUETÁ,SAN VICENTE DEL CAGUÁN,NEGRITOS,1102.91869,18
22333,18753,18753135,CAQUETÁ,SAN VICENTE DEL CAGUÁN,HONDURAS,16657.86355,18
22334,18753,18753136,CAQUETÁ,SAN VICENTE DEL CAGUÁN,EL OSO,1615.179798,18
22335,18753,18753137,CAQUETÁ,SAN VICENTE DEL CAGUÁN,EL ROBLE,1040.039715,18
22336,18753,18753138,CAQUETÁ,SAN VICENTE DEL CAGUÁN,GUAYABAL,1474.445868,18
22337,18753,18753139,CAQUETÁ,SAN VICENTE DEL CAGUÁN,LUCITANIA,8514.509436,18
22338,18753,18753140,CAQUETÁ,SAN VICENTE DEL CAGUÁN,LA ABEJA,2439.050397,18
22339,18753,18753143,CAQUETÁ,SAN VICENTE DEL CAGUÁN,TOSCANA,14760.46635,18
22340,18753,18753141,CAQUETÁ,SAN VICENTE DEL CAGUÁN,LOS LIBERTADORES,7518.113394,18
22341,18753,18753142,CAQUETÁ,SAN VICENTE DEL CAGUÁN,EL VENADO,5219.064009,18
22342,18753,18753144,CAQUETÁ,SAN VICENTE DEL CAGUÁN,ROVIRA,8898.286586,18
22343,18753,18753145,CAQUETÁ,SAN VICENTE DEL CAGUÁN,LA ESPERANZA,6252.294651,18
22344,18753,18753146,CAQUETÁ,SAN VICENTE DEL CAGUÁN,LA PAZ,9513.109199,18
22345,18753,18753147,CAQUETÁ,SAN VICENTE DEL CAGUÁN,PUEBLITOS,10242.07741,18
22346,18753,18753151,CAQUETÁ,SAN VICENTE DEL CAGUÁN,ARAUCA,813.551005,18
22347,18753,18753148,CAQUETÁ,SAN VICENTE DEL CAGUÁN,CRISTO REY,4385.53193,18
22348,18753,18753165,CAQUETÁ,SAN VICENTE DEL CAGUÁN,BALSILLAS,10400.9763,18
22349,18753,18753164,CAQUETÁ,SAN VICENTE DEL CAGUÁN,SAN JORGE,7120.598614,18
22350,18753,18753152,CAQUETÁ,SAN VICENTE DEL CAGUÁN,ZONA DE RESERVA,40338.84609,18
22351,18753,18753085,CAQUETÁ,SAN VICENTE DEL CAGUÁN,ALTA ARGELIA,1923.115991,18
22352,18753,18753094,CAQUETÁ,SAN VICENTE DEL CAGUÁN,LA REFORMA,1610.943197,18
22353,18753,18753095,CAQUETÁ,SAN VICENTE DEL CAGUÁN,ALTO QUEBRADON,2626.639112,18
22354,18753,18753034,CAQUETÁ,SAN VICENTE DEL CAGUÁN,PALMICHALES 2,6230.062153,18
22355,18753,18753071,CAQUETÁ,SAN VICENTE DEL CAGUÁN,LA PRADERA,4364.500029,18
22356,18753,18753076,CAQUETÁ,SAN VICENTE DEL CAGUÁN,SIBERIA,2839.795043,18
22357,18610,18610010,CAQUETÁ,SAN JOSÉ DEL FRAGUA,BRISAS DEL FRAGUA,558.4729665,18
22358,18610,18610028,CAQUETÁ,SAN JOSÉ DEL FRAGUA,EL PLACER,666.4966809,18
22359,18610,18610067,CAQUETÁ,SAN JOSÉ DEL FRAGUA,RESGUARDO IND BRISAS DEL FRAGUA,332.3734675,18
22360,18610,18610066,CAQUETÁ,SAN JOSÉ DEL FRAGUA,RESGUARDO IND SAN MIGUEL,649.630804,18
22361,18610,18610065,CAQUETÁ,SAN JOSÉ DEL FRAGUA,RESGUARDO IND SAN ANTONIO,443.7711229,18
22362,18610,18610038,CAQUETÁ,SAN JOSÉ DEL FRAGUA,LA ALBERTO,586.9458219,18
22363,18610,18610062,CAQUETÁ,SAN JOSÉ DEL FRAGUA,PALMEIRAS,1117.599248,18
22364,18610,18610064,CAQUETÁ,SAN JOSÉ DEL FRAGUA,PUERTO BELLO,779.8618097,18
22365,18610,18610040,CAQUETÁ,SAN JOSÉ DEL FRAGUA,LA CRISTALINA,1431.307035,18
22366,18610,18610039,CAQUETÁ,SAN JOSÉ DEL FRAGUA,LA ARGENTINA,722.7099606,18
22367,18610,18610033,CAQUETÁ,SAN JOSÉ DEL FRAGUA,EL ROSAL,3438.146746,18
22368,18610,18610050,CAQUETÁ,SAN JOSÉ DEL FRAGUA,LA PRIMAVERA,1562.664154,18
22369,18610,18610006,CAQUETÁ,SAN JOSÉ DEL FRAGUA,BAJO PORVENIR,1484.11448,18
22370,18610,18610013,CAQUETÁ,SAN JOSÉ DEL FRAGUA,CERRITOS,1144.491063,18
22371,18610,18610035,CAQUETÁ,SAN JOSÉ DEL FRAGUA,EL TOPACIO,2354.854813,18
22372,18610,18610009,CAQUETÁ,SAN JOSÉ DEL FRAGUA,BOCANA LUNA,1148.722722,18
22373,18610,18610029,CAQUETÁ,SAN JOSÉ DEL FRAGUA,EL PORTAL SABALETA,2233.558352,18
22374,18610,18610056,CAQUETÁ,SAN JOSÉ DEL FRAGUA,LA YE,756.3147873,18
22375,18610,18610017,CAQUETÁ,SAN JOSÉ DEL FRAGUA,EL BERLIN,790.1861843,18
22376,18610,18610034,CAQUETÁ,SAN JOSÉ DEL FRAGUA,EL SINAI,1226.107329,18
22377,18610,18610030,CAQUETÁ,SAN JOSÉ DEL FRAGUA,EL PORVENIR,518.4681252,18
22378,18610,18610052,CAQUETÁ,SAN JOSÉ DEL FRAGUA,LA REFORMA,671.5877645,18
22379,18610,18610068,CAQUETÁ,SAN JOSÉ DEL FRAGUA,TEMBLONA,3366.396836,18
22380,18610,18610024,CAQUETÁ,SAN JOSÉ DEL FRAGUA,EL JARDIN,329.3384442,18
22381,18610,18610023,CAQUETÁ,SAN JOSÉ DEL FRAGUA,EL DIVISO,124.9667688,18
22382,18610,18610021,CAQUETÁ,SAN JOSÉ DEL FRAGUA,EL CARMEN,522.2669341,18
22383,18610,18610060,CAQUETÁ,SAN JOSÉ DEL FRAGUA,LOS ANDES,280.8680272,18
22384,18610,18610051,CAQUETÁ,SAN JOSÉ DEL FRAGUA,LA RECREO,774.5381626,18
22385,18610,18610063,CAQUETÁ,SAN JOSÉ DEL FRAGUA,PATIO BONITO,889.0198876,18
22386,18610,18610047,CAQUETÁ,SAN JOSÉ DEL FRAGUA,LA PENEYA,500.8894503,18
22387,18610,18610015,CAQUETÁ,SAN JOSÉ DEL FRAGUA,COSTA RICA,857.0062037,18
22388,18610,18610921,CAQUETÁ,SAN JOSÉ DEL FRAGUA,PRIMAVERA,6621.223596,18
22389,18610,18610045,CAQUETÁ,SAN JOSÉ DEL FRAGUA,LA GALLINETA,354.4734755,18
22390,18610,18610031,CAQUETÁ,SAN JOSÉ DEL FRAGUA,EL PRADO,521.1010447,18
22391,18610,18610059,CAQUETÁ,SAN JOSÉ DEL FRAGUA,LAS PERLAS,1441.402604,18
22392,18610,18610011,CAQUETÁ,SAN JOSÉ DEL FRAGUA,BUENOS AIRES,1551.680389,18
22393,18610,18610016,CAQUETÁ,SAN JOSÉ DEL FRAGUA,DIAMANTE,1174.44058,18
22394,18610,18610025,CAQUETÁ,SAN JOSÉ DEL FRAGUA,EL LUNA,662.8541844,18
22395,18610,18610046,CAQUETÁ,SAN JOSÉ DEL FRAGUA,LA PAZ,1199.270216,18
22396,18610,18610027,CAQUETÁ,SAN JOSÉ DEL FRAGUA,EL PALMAR,659.7551402,18
22397,18610,18610003,CAQUETÁ,SAN JOSÉ DEL FRAGUA,ALTO SABALETA,3449.343957,18
22398,18610,18610044,CAQUETÁ,SAN JOSÉ DEL FRAGUA,LA FLORIDA,1806.084236,18
22399,18610,18610032,CAQUETÁ,SAN JOSÉ DEL FRAGUA,EL QUINAL,897.5105715,18
22400,18610,18610036,CAQUETÁ,SAN JOSÉ DEL FRAGUA,EL TRIUNFO SAN PEDRO,872.6278638,18
22401,18610,18610001,CAQUETÁ,SAN JOSÉ DEL FRAGUA,AGUAS CLARAS,2676.714067,18
22402,18610,18610061,CAQUETÁ,SAN JOSÉ DEL FRAGUA,MONTERREY,880.0643168,18
22403,18610,18610055,CAQUETÁ,SAN JOSÉ DEL FRAGUA,LA UNION,817.6774528,18
22404,18610,18610008,CAQUETÁ,SAN JOSÉ DEL FRAGUA,BELLAVISTA,959.3404255,18
22405,18610,18610004,CAQUETÁ,SAN JOSÉ DEL FRAGUA,ALTO SAN ISIDRO,901.7497903,18
22406,18610,18610026,CAQUETÁ,SAN JOSÉ DEL FRAGUA,EL MIRADOR,1485.287848,18
22407,18610,18610012,CAQUETÁ,SAN JOSÉ DEL FRAGUA,CAFETALES,593.7278714,18
22408,18610,18610054,CAQUETÁ,SAN JOSÉ DEL FRAGUA,LA TIGRA,287.1939226,18
22409,18610,18610048,CAQUETÁ,SAN JOSÉ DEL FRAGUA,LA PLATANILLO,622.1589818,18
22410,18610,18610042,CAQUETÁ,SAN JOSÉ DEL FRAGUA,LA ESMERALDA,1691.798011,18
22411,18610,18610058,CAQUETÁ,SAN JOSÉ DEL FRAGUA,LAS PALMERAS,627.6202444,18
22412,18610,18610069,CAQUETÁ,SAN JOSÉ DEL FRAGUA,VALDIVIA,620.8789886,18
22413,18610,18610057,CAQUETÁ,SAN JOSÉ DEL FRAGUA,LAS IGLESIAS,1683.937802,18
22414,18610,18610037,CAQUETÁ,SAN JOSÉ DEL FRAGUA,EL VERGEL,1189.531463,18
22415,18610,18610002,CAQUETÁ,SAN JOSÉ DEL FRAGUA,ALTO FRAGUA,733.2094853,18
22416,18610,18610007,CAQUETÁ,SAN JOSÉ DEL FRAGUA,BARRIALOSA,1226.131478,18
22417,18610,18610049,CAQUETÁ,SAN JOSÉ DEL FRAGUA,LA PRADERA,442.9243333,18
22418,18610,18610014,CAQUETÁ,SAN JOSÉ DEL FRAGUA,COSTA AZUL,1466.644537,18
22419,18610,18610920,CAQUETÁ,SAN JOSÉ DEL FRAGUA,EL BOSQUE BAJO,402.9974294,18
22420,18610,18610005,CAQUETÁ,SAN JOSÉ DEL FRAGUA,AREA DEL PARQUE NAL DE LA FRAGUA INDIWASY,55159.0557,18
22421,18610,18610022,CAQUETÁ,SAN JOSÉ DEL FRAGUA,EL CRISTAL,276.7146266,18
22422,18610,18610053,CAQUETÁ,SAN JOSÉ DEL FRAGUA,LA ROSARIO,187.9680547,18
22423,18610,18610043,CAQUETÁ,SAN JOSÉ DEL FRAGUA,LA ESTRELLA,745.7233642,18
22424,18610,18610018,CAQUETÁ,SAN JOSÉ DEL FRAGUA,EL BOSQUE,495.2436726,18
22425,18610,18610041,CAQUETÁ,SAN JOSÉ DEL FRAGUA,LA CUMBRE,770.9583026,18
22426,18592,18592112,CAQUETÁ,PUERTO RICO,LAS VASIJAS,1570.43186,18
22427,18592,18592114,CAQUETÁ,PUERTO RICO,LINDANAY,1163.003722,18
22428,18592,18592147,CAQUETÁ,PUERTO RICO,SAN MARCOS,3078.7544,18
22429,18592,18592048,CAQUETÁ,PUERTO RICO,EL LOBO,2992.512137,18
22430,18592,18592031,CAQUETÁ,PUERTO RICO,COSTA RICA BAJA,4187.358468,18
22431,18592,18592089,CAQUETÁ,PUERTO RICO,LA INDEPENDENCIA,919.8713333,18
22432,18592,18592069,CAQUETÁ,PUERTO RICO,LOS LOBOS,2995.287359,18
22433,18592,18592139,CAQUETÁ,PUERTO RICO,RESGUARDO GALILEA,412.6178536,18
22434,18592,18592153,CAQUETÁ,PUERTO RICO,SIBERIA BAJA,2237.592406,18
22435,18592,18592030,CAQUETÁ,PUERTO RICO,COSTA RICA ALTA,3894.655989,18
22436,18592,18592140,CAQUETÁ,PUERTO RICO,RESGUARDO LA SIBERIA,575.6395133,18
22437,18592,18592012,CAQUETÁ,PUERTO RICO,ARENOSO ORIENTE,2353.533498,18
22438,18592,18592101,CAQUETÁ,PUERTO RICO,LA SIBERIA ALTA,914.3121966,18
22439,18592,18592126,CAQUETÁ,PUERTO RICO,MIRA FLORES BAJO,1406.123025,18
22440,18592,18592100,CAQUETÁ,PUERTO RICO,LA SEVILLA,1879.804416,18
22441,18592,18592127,CAQUETÁ,PUERTO RICO,MIRA FLOREZ,919.3429476,18
22442,18592,18592151,CAQUETÁ,PUERTO RICO,SANTA ISABEL,3658.84668,18
22443,18592,18592079,CAQUETÁ,PUERTO RICO,LA ESPERANZA N 1,2311.852074,18
22444,18592,18592075,CAQUETÁ,PUERTO RICO,LA CHIPA BAJA,2747.126376,18
22445,18592,18592123,CAQUETÁ,PUERTO RICO,MARACAIBO N 2,2004.699114,18
22446,18592,18592122,CAQUETÁ,PUERTO RICO,MARACAIBO N 1,2003.338943,18
22447,18592,18592119,CAQUETÁ,PUERTO RICO,LOS LAURELES,1779.346263,18
22448,18592,18592074,CAQUETÁ,PUERTO RICO,LA CHIPA ALTA,1166.803464,18
22449,18592,18592071,CAQUETÁ,PUERTO RICO,LA CABAÑA,1180.047849,18
22450,18592,18592084,CAQUETÁ,PUERTO RICO,LA FLORESTA N 1,1972.274295,18
22451,18592,18592016,CAQUETÁ,PUERTO RICO,BARRANQUILLITA,2102.98857,18
22452,18592,18592161,CAQUETÁ,PUERTO RICO,VILLA HERMOSA BAJA,2554.447846,18
22453,18592,18592085,CAQUETÁ,PUERTO RICO,LA FLORESTA N 2,1438.884955,18
22454,18592,18592160,CAQUETÁ,PUERTO RICO,VILLA HERMOSA ALTA,2482.197575,18
22455,18592,18592025,CAQUETÁ,PUERTO RICO,CAMELIAS,2413.773603,18
22456,18592,18592146,CAQUETÁ,PUERTO RICO,SAN CAYETANO,3023.918348,18
22457,18592,18592145,CAQUETÁ,PUERTO RICO,SAN BRUNO,1684.587146,18
22458,18592,18592026,CAQUETÁ,PUERTO RICO,CAMPO ESTRELLA N 1,4807.525097,18
22459,18592,18592158,CAQUETÁ,PUERTO RICO,TROCHA E NEMAL,2053.611575,18
22460,18592,18592042,CAQUETÁ,PUERTO RICO,EL CONGRESO,1869.145322,18
22461,18592,18592157,CAQUETÁ,PUERTO RICO,TROCHA B NEMAL,4526.527446,18
22462,18592,18592050,CAQUETÁ,PUERTO RICO,INDIO PRIMAVERA,2740.742562,18
22463,18592,18592137,CAQUETÁ,PUERTO RICO,PRINGAMOSO,2195.851829,18
22464,18592,18592083,CAQUETÁ,PUERTO RICO,LA FLOR,4903.787934,18
22465,18592,18592092,CAQUETÁ,PUERTO RICO,LA ORQUIDEA,1057.348125,18
22466,18592,18592076,CAQUETÁ,PUERTO RICO,LA CHONTA,1146.779623,18
22467,18592,18592067,CAQUETÁ,PUERTO RICO,JUNÍN,1808.580348,18
22468,18592,18592116,CAQUETÁ,PUERTO RICO,LOS ALPES,754.8681768,18
22469,18592,18592020,CAQUETÁ,PUERTO RICO,BRSILIA,1633.559842,18
22470,18592,18592029,CAQUETÁ,PUERTO RICO,COCONUCO N 2,1223.213351,18
22471,18592,18592103,CAQUETÁ,PUERTO RICO,LA TIGRA,1216.908461,18
22472,18592,18592004,CAQUETÁ,PUERTO RICO,AGUA BLANCA,2641.289018,18
22473,18592,18592028,CAQUETÁ,PUERTO RICO,COCONUCO N 1,1754.893029,18
22474,18592,18592118,CAQUETÁ,PUERTO RICO,LOS ÁNGELES,964.2716982,18
22475,18592,18592047,CAQUETÁ,PUERTO RICO,EL INDIO,2019.083423,18
22476,18592,18592162,CAQUETÁ,PUERTO RICO,VILLA MARTHA,1080.40046,18
22477,18592,18592062,CAQUETÁ,PUERTO RICO,EL VERGEL,1090.805005,18
22478,18592,18592039,CAQUETÁ,PUERTO RICO,EL CEDRAL,4413.489248,18
22479,18592,18592023,CAQUETÁ,PUERTO RICO,CAIMAN N 2,5249.771434,18
22480,18592,18592021,CAQUETÁ,PUERTO RICO,BUENA VISTA,1239.830215,18
22481,18592,18592063,CAQUETÁ,PUERTO RICO,ETIOPIA,202.6158933,18
22482,18592,18592061,CAQUETÁ,PUERTO RICO,EL TOPACIO,2198.500828,18
22483,18592,18592064,CAQUETÁ,PUERTO RICO,GARRAFÓN,979.4953242,18
22484,18592,18592036,CAQUETÁ,PUERTO RICO,EL CAIMAN N 1,1713.184531,18
22485,18592,18592097,CAQUETÁ,PUERTO RICO,LA REPRESA,1924.291326,18
22486,18592,18592155,CAQUETÁ,PUERTO RICO,TOPACIO ALTO,1024.474016,18
22487,18592,18592131,CAQUETÁ,PUERTO RICO,MONTERIA,184.8312432,18
22488,18592,18592167,CAQUETÁ,PUERTO RICO,ALEMANIA,3085.835495,18
22489,18592,18592068,CAQUETÁ,PUERTO RICO,LA ARGENTINA,455.4146341,18
22490,18592,18592150,CAQUETÁ,PUERTO RICO,SANTA ELENA,1797.125037,18
22491,18592,18592059,CAQUETÁ,PUERTO RICO,EL SABALO,855.7006254,18
22492,18592,18592015,CAQUETÁ,PUERTO RICO,BAJO MONTECRISTO,1433.988739,18
22493,18592,18592087,CAQUETÁ,PUERTO RICO,LA FLORIDA,4727.511139,18
22494,18592,18592018,CAQUETÁ,PUERTO RICO,BLANCA NIEVES,1277.512554,18
22495,18592,18592045,CAQUETÁ,PUERTO RICO,EL DIAMANTE,768.9408365,18
22496,18592,18592022,CAQUETÁ,PUERTO RICO,CAIMAN MEDIO,423.8127213,18
22497,18592,18592024,CAQUETÁ,PUERTO RICO,CAIMANCITO MEDIO,1829.735708,18
22498,18592,18592043,CAQUETÁ,PUERTO RICO,EL DANUBIO,1138.721551,18
22499,18592,18592077,CAQUETÁ,PUERTO RICO,LA CRISTALINA,341.1340338,18
22500,18592,18592052,CAQUETÁ,PUERTO RICO,EL PLEBEYO,341.8243386,18
22501,18592,18592033,CAQUETÁ,PUERTO RICO,EL ARENOSO,1751.149263,18
22502,18592,18592130,CAQUETÁ,PUERTO RICO,MONTECRISTO,2578.789164,18
22503,18592,18592038,CAQUETÁ,PUERTO RICO,EL CARMELO,222.8289254,18
22504,18592,18592128,CAQUETÁ,PUERTO RICO,MIRAVALLE,4023.679336,18
22505,18592,18592008,CAQUETÁ,PUERTO RICO,ALTO CARMELO,239.6404742,18
22506,18592,18592133,CAQUETÁ,PUERTO RICO,NOGALES,492.2219348,18
22507,18592,18592060,CAQUETÁ,PUERTO RICO,EL TESORO,402.5832086,18
22508,18592,18592056,CAQUETÁ,PUERTO RICO,EL RECREO,1780.369543,18
22509,18592,18592149,CAQUETÁ,PUERTO RICO,SAN RAFAEL,742.9552008,18
22510,18592,18592082,CAQUETÁ,PUERTO RICO,LA ESTRELLITA,218.2873431,18
22511,18592,18592011,CAQUETÁ,PUERTO RICO,ARBOLITO,3019.974608,18
22512,18592,18592086,CAQUETÁ,PUERTO RICO,LA FLORESTA N 5,514.4778747,18
22513,18592,18592027,CAQUETÁ,PUERTO RICO,CENTRO INDÍGENA,1241.899053,18
22514,18592,18592094,CAQUETÁ,PUERTO RICO,LA PARADA,2016.194224,18
22515,18592,18592081,CAQUETÁ,PUERTO RICO,LA ESTRELLA,297.3475292,18
22516,18592,18592041,CAQUETÁ,PUERTO RICO,EL CONGO,174.2464433,18
22517,18592,18592102,CAQUETÁ,PUERTO RICO,LA SOLEDAD,1050.69322,18
22518,18592,18592080,CAQUETÁ,PUERTO RICO,LA ESPERANZA N 2,4108.755809,18
22519,18592,18592007,CAQUETÁ,PUERTO RICO,ALTAMIRA,180.0828355,18
22520,18592,18592072,CAQUETÁ,PUERTO RICO,LA CARMELITA,308.747879,18
22521,18592,18592014,CAQUETÁ,PUERTO RICO,BAJO LONDRES,152.006722,18
22522,18592,18592144,CAQUETÁ,PUERTO RICO,RISARALDA,192.717645,18
22523,18592,18592044,CAQUETÁ,PUERTO RICO,EL DESQUITE,954.1842122,18
22524,18592,18592073,CAQUETÁ,PUERTO RICO,LA CHILA,588.8336731,18
22525,18592,18592141,CAQUETÁ,PUERTO RICO,RESGUARDO NASSAKIWE,348.3848596,18
22526,18592,18592017,CAQUETÁ,PUERTO RICO,BETANIA,669.181847,18
22527,18592,18592032,CAQUETÁ,PUERTO RICO,EL AGUILA,1266.045393,18
22528,18592,18592159,CAQUETÁ,PUERTO RICO,VALLE BONITO,2107.998761,18
22529,18592,18592142,CAQUETÁ,PUERTO RICO,RESGUARDO ZIT SET DEL QUECAL,790.3286556,18
22530,18592,18592106,CAQUETÁ,PUERTO RICO,LAS ACACIAS,468.5435442,18
22531,18592,18592009,CAQUETÁ,PUERTO RICO,ALTO LONDRES,453.1130732,18
22532,18592,18592095,CAQUETÁ,PUERTO RICO,LA PEDREGOSA,582.4085166,18
22533,18592,18592054,CAQUETÁ,PUERTO RICO,EL PORVENIR,841.3034088,18
22534,18592,18592109,CAQUETÁ,PUERTO RICO,LAS IGLESIAS,525.2224132,18
22535,18592,18592013,CAQUETÁ,PUERTO RICO,BAJO DONCELLO,2915.651813,18
22536,18592,18592001,CAQUETÁ,PUERTO RICO,12 DE OCTUBRE N 1,321.0974747,18
22537,18592,18592124,CAQUETÁ,PUERTO RICO,MATEGUADUA,552.3812374,18
22538,18592,18592003,CAQUETÁ,PUERTO RICO,20 DE JULIO,704.626565,18
22539,18592,18592120,CAQUETÁ,PUERTO RICO,LOS LIRIOS,580.2313845,18
22540,18592,18592107,CAQUETÁ,PUERTO RICO,LAS ACACIAS ALTA,546.6805044,18
22541,18592,18592143,CAQUETÁ,PUERTO RICO,RIECITO MEDIO,847.248593,18
22542,18592,18592166,CAQUETÁ,PUERTO RICO,LAS AMERICAS,16820.86087,18
22543,18592,18592117,CAQUETÁ,PUERTO RICO,LOS ANDES,2859.882194,18
22544,18592,18592098,CAQUETÁ,PUERTO RICO,LA RIVERA BAJA,606.876852,18
22545,18592,18592129,CAQUETÁ,PUERTO RICO,MONTE BELLO,890.8913692,18
22546,18592,18592110,CAQUETÁ,PUERTO RICO,LAS MANSITAS,1050.071115,18
22547,18592,18592090,CAQUETÁ,PUERTO RICO,LA LIBERTAD,536.865938,18
22548,18592,18592046,CAQUETÁ,PUERTO RICO,EL EDÉN,982.5583849,18
22549,18592,18592002,CAQUETÁ,PUERTO RICO,12 DE OCTUBRE N 2,2965.109138,18
22550,18592,18592005,CAQUETÁ,PUERTO RICO,ALTA AGUILILLA,1525.269226,18
22551,18592,18592091,CAQUETÁ,PUERTO RICO,LA NUTRIA,748.0648855,18
22552,18592,18592113,CAQUETÁ,PUERTO RICO,LÍBANO ALTO,1506.581426,18
22553,18592,18592108,CAQUETÁ,PUERTO RICO,LAS BRISAS,1277.037198,18
22554,18592,18592006,CAQUETÁ,PUERTO RICO,ALTA RIVERA,1864.663999,18
22555,18592,18592040,CAQUETÁ,PUERTO RICO,EL CONDOR,2304.948675,18
22556,18592,18592035,CAQUETÁ,PUERTO RICO,EL BRILLANTE,575.4584953,18
22557,18592,18592037,CAQUETÁ,PUERTO RICO,EL CAIRO,853.976039,18
22558,18592,18592058,CAQUETÁ,PUERTO RICO,EL RETORNO,2147.331909,18
22559,18592,18592136,CAQUETÁ,PUERTO RICO,PERLAS BAJAS,833.4096862,18
22560,18592,18592111,CAQUETÁ,PUERTO RICO,LAS PALMERAS,1256.870081,18
22561,18592,18592010,CAQUETÁ,PUERTO RICO,ALTO RIECITIO,1635.71782,18
22562,18592,18592132,CAQUETÁ,PUERTO RICO,MONTERREY,4516.169937,18
22563,18592,18592055,CAQUETÁ,PUERTO RICO,EL QUEBRADON,3577.406497,18
22564,18592,18592105,CAQUETÁ,PUERTO RICO,LA VICTORIA,6743.383745,18
22565,18592,18592099,CAQUETÁ,PUERTO RICO,LA RUIDOSA,7872.029465,18
22566,18592,18592066,CAQUETÁ,PUERTO RICO,GUAYAS MEDIO,1779.648693,18
22567,18592,18592125,CAQUETÁ,PUERTO RICO,MENDEZ,6769.978663,18
22568,18592,18592078,CAQUETÁ,PUERTO RICO,LA CRISTALINA CAGUAN,6304.317809,18
22569,18592,18592164,CAQUETÁ,PUERTO RICO,YARUMAL BAJO,4395.91507,18
22570,18592,18592148,CAQUETÁ,PUERTO RICO,SAN PABLO,4162.958968,18
22571,18592,18592165,CAQUETÁ,PUERTO RICO,YARUMAL MEDIO,1483.635966,18
22572,18592,18592049,CAQUETÁ,PUERTO RICO,EL NUTRIO,1827.774907,18
22573,18592,18592065,CAQUETÁ,PUERTO RICO,GUAYAS ALTO,4774.08954,18
22574,18592,18592057,CAQUETÁ,PUERTO RICO,EL REFLEJO,1964.799619,18
22575,18592,18592051,CAQUETÁ,PUERTO RICO,EL PALMAR,1500.147617,18
22576,18592,18592163,CAQUETÁ,PUERTO RICO,YARUMAL ALTO,1643.467464,18
22577,18592,18592053,CAQUETÁ,PUERTO RICO,EL PLUMERO,1337.514679,18
22578,18592,18592088,CAQUETÁ,PUERTO RICO,LA GUADUALITO,6987.052646,18
22579,18592,18592093,CAQUETÁ,PUERTO RICO,LA PALESTINA N 1,1177.559614,18
22580,18592,18592115,CAQUETÁ,PUERTO RICO,LOMA ALTA,2699.794217,18
22581,18592,18592034,CAQUETÁ,PUERTO RICO,EL ARENOSO,98841.75572,18
22582,18592,18592135,CAQUETÁ,PUERTO RICO,PERLAS ALTAS,415.4148515,18
22583,18592,18592070,CAQUETÁ,PUERTO RICO,LA AURORA,488.0509678,18
22584,18592,18592121,CAQUETÁ,PUERTO RICO,MANZANARES,83.57326841,18
22585,18592,18592096,CAQUETÁ,PUERTO RICO,LA PROFUNDA,134.7132133,18
22586,18592,18592019,CAQUETÁ,PUERTO RICO,BOLIVIA,182.2508776,18
22587,18592,18592134,CAQUETÁ,PUERTO RICO,PEDREGALES,673.1421375,18
22588,18592,18592156,CAQUETÁ,PUERTO RICO,TOPACIO BAJO,542.5277639,18
22589,18592,18592180,CAQUETÁ,PUERTO RICO,LAS BRISAS,269.7561608,18
22590,18592,18592179,CAQUETÁ,PUERTO RICO,CUMBRE,266.1121703,18
22591,18592,18592177,CAQUETÁ,PUERTO RICO,JUANCHITO,153.5553226,18
22592,18592,18592174,CAQUETÁ,PUERTO RICO,SAN PEDRO,858.9408125,18
22593,18592,18592172,CAQUETÁ,PUERTO RICO,ALTO SAN PEDRO,928.8709448,18
22594,18592,18592173,CAQUETÁ,PUERTO RICO,LA CRISTALINA,599.9133936,18
22595,18592,18592168,CAQUETÁ,PUERTO RICO,ALTO BERLIN,2908.904165,18
22596,18592,18592170,CAQUETÁ,PUERTO RICO,LA VIRGEN,810.6983239,18
22597,18592,18592171,CAQUETÁ,PUERTO RICO,BERLIN,1226.549594,18
22598,18592,18592104,CAQUETÁ,PUERTO RICO,LA UNIÓN,2388.682225,18
22599,18592,18592169,CAQUETÁ,PUERTO RICO,LA VIRGEN,291.5080362,18
22600,18592,18592175,CAQUETÁ,PUERTO RICO,ALTO MANZANARES,327.8794976,18
22601,18592,18592176,CAQUETÁ,PUERTO RICO,SERRANIA,198.6402197,18
22602,18592,18592178,CAQUETÁ,PUERTO RICO,BOSQUE,150.6015994,18
22603,18479,18479026,CAQUETÁ,MORELIA,PARAISO,1006.304057,18
22604,18479,18479018,CAQUETÁ,MORELIA,LA CANDIDO,2237.022356,18
22605,18479,18479029,CAQUETÁ,MORELIA,ROCHELA BAJA,1992.243827,18
22606,18479,18479005,CAQUETÁ,MORELIA,BOLIVIA,2710.393937,18
22607,18479,18479006,CAQUETÁ,MORELIA,BRUSELAS,805.744748,18
22608,18479,18479010,CAQUETÁ,MORELIA,CAMPOALEGRE,1500.980129,18
22609,18479,18479022,CAQUETÁ,MORELIA,LA VIRGINIA,2003.205073,18
22610,18479,18479016,CAQUETÁ,MORELIA,EL TEMBLÓN,642.4426828,18
22611,18479,18479027,CAQUETÁ,MORELIA,PUERTO COLOMBIA,1745.318283,18
22612,18479,18479028,CAQUETÁ,MORELIA,ROCHELA ALTA,1547.77731,18
22613,18479,18479011,CAQUETÁ,MORELIA,CANELITO,554.5973669,18
22614,18479,18479003,CAQUETÁ,MORELIA,BEGONIA,596.2293537,18
22615,18479,18479012,CAQUETÁ,MORELIA,CARNICERIAS,1125.299739,18
22616,18479,18479004,CAQUETÁ,MORELIA,BOCANA AGUACALIENTE,2095.311046,18
22617,18479,18479032,CAQUETÁ,MORELIA,SANTA ROSA,1985.374193,18
22618,18479,18479033,CAQUETÁ,MORELIA,SINAI,183.2689217,18
22619,18479,18479031,CAQUETÁ,MORELIA,SAN MARCOS,987.604619,18
22620,18479,18479002,CAQUETÁ,MORELIA,BAJO DELICIAS,1101.922843,18
22621,18479,18479024,CAQUETÁ,MORELIA,LAS ACACIAS,1699.013466,18
22622,18479,18479020,CAQUETÁ,MORELIA,LA RAYA,762.6370013,18
22623,18479,18479008,CAQUETÁ,MORELIA,BUENOS AIRES,1090.890564,18
22624,18479,18479014,CAQUETÁ,MORELIA,DELICIAS,1800.244002,18
22625,18479,18479001,CAQUETÁ,MORELIA,ALBANO,1359.386731,18
22626,18479,18479013,CAQUETÁ,MORELIA,CUMARAL,1104.147906,18
22627,18479,18479025,CAQUETÁ,MORELIA,PALMARITO,1837.327984,18
22628,18479,18479023,CAQUETÁ,MORELIA,LAGUNILLA,1792.740643,18
22629,18479,18479007,CAQUETÁ,MORELIA,BUENA VISTA,2955.028096,18
22630,18479,18479030,CAQUETÁ,MORELIA,SAN JORGE,2175.074062,18
22631,18479,18479021,CAQUETÁ,MORELIA,LA UNIÓN,442.9588494,18
22632,18479,18479009,CAQUETÁ,MORELIA,CALDAS,936.2399635,18
22633,18479,18479034,CAQUETÁ,MORELIA,TURBAY,448.6459497,18
22634,18479,18479036,CAQUETÁ,MORELIA,LA ESTRELLA,716.0665855,18
22635,18479,18479017,CAQUETÁ,MORELIA,FUENTE HERMOSA,1171.60311,18
22636,18479,18479019,CAQUETÁ,MORELIA,LA ESPERANZA,336.8516604,18
22637,18479,18479015,CAQUETÁ,MORELIA,EL SILENCIO,606.8295401,18
22638,18479,18479035,CAQUETÁ,MORELIA,LA CABAÑA,153.4424856,18
22639,18460,18460057,CAQUETÁ,MILÁN,SIN INFORMACION,1701.024536,18
22640,18460,18460056,CAQUETÁ,MILÁN,SIN INFORMACION,649.3802607,18
22641,18460,18460055,CAQUETÁ,MILÁN,CASARAGUA,824.3660334,18
22642,18460,18460053,CAQUETÁ,MILÁN,SIN INFORMACION,2649.003297,18
22643,18460,18460034,CAQUETÁ,MILÁN,LA MINA,2725.097433,18
22644,18460,18460033,CAQUETÁ,MILÁN,SIN INFORMACION,1990.629325,18
22645,18460,18460052,CAQUETÁ,MILÁN,REMANSO,2436.776628,18
22646,18460,18460051,CAQUETÁ,MILÁN,RIO NUEVO,520.9848575,18
22647,18460,18460050,CAQUETÁ,MILÁN,SIN INFORMACION,1862.165484,18
22648,18460,18460048,CAQUETÁ,MILÁN,SIN INFORMACION,2561.47781,18
22649,18460,18460047,CAQUETÁ,MILÁN,SIN INFORMACION,980.0636153,18
22650,18460,18460046,CAQUETÁ,MILÁN,SIN INFORMACION,212.6755003,18
22651,18460,18460045,CAQUETÁ,MILÁN,VÉLEZ,1030.811756,18
22652,18460,18460044,CAQUETÁ,MILÁN,MATICURUSITO,1464.877633,18
22653,18460,18460042,CAQUETÁ,MILÁN,SIN INFORMACION,2446.509268,18
22654,18460,18460043,CAQUETÁ,MILÁN,LAS MARGARITAS BAJAS,2815.244863,18
22655,18460,18460041,CAQUETÁ,MILÁN,AGUA BLANCA,2605.37236,18
22656,18460,18460040,CAQUETÁ,MILÁN,LAS PALMERAS,2861.378685,18
22657,18460,18460039,CAQUETÁ,MILÁN,LA JÁCOME,2477.834743,18
22658,18460,18460038,CAQUETÁ,MILÁN,LA YARE,2612.098175,18
22659,18460,18460037,CAQUETÁ,MILÁN,ARENOSA,2296.732188,18
22660,18460,18460036,CAQUETÁ,MILÁN,SIN INFORMACION,2873.059325,18
22661,18460,18460035,CAQUETÁ,MILÁN,MARGARITA,2709.538134,18
22662,18460,18460031,CAQUETÁ,MILÁN,SAN ANTONIO GETUCHA,2238.526216,18
22663,18460,18460030,CAQUETÁ,MILÁN,SAN FRANCISCO,3458.641919,18
22664,18460,18460029,CAQUETÁ,MILÁN,EL CINCO,2178.657051,18
22665,18460,18460028,CAQUETÁ,MILÁN,SIN INFORMACION,4304.437462,18
22666,18460,18460027,CAQUETÁ,MILÁN,SAN ROQUE BAJO,2112.618532,18
22667,18460,18460026,CAQUETÁ,MILÁN,SIN INFORMACION,2698.429687,18
22668,18460,18460025,CAQUETÁ,MILÁN,ISIDRO (SAN RAFAEL),1476.569248,18
22669,18460,18460024,CAQUETÁ,MILÁN,LA RASTRA,2515.485964,18
22670,18460,18460023,CAQUETÁ,MILÁN,SIN INFORMACION,3377.582561,18
22671,18460,18460022,CAQUETÁ,MILÁN,LAGUNA,1589.159857,18
22672,18460,18460021,CAQUETÁ,MILÁN,SIN INFORMACION,2772.990067,18
22673,18460,18460020,CAQUETÁ,MILÁN,SAN ROQUE,2530.302424,18
22674,18460,18460004,CAQUETÁ,MILÁN,RECREO,2669.677199,18
22675,18460,18460003,CAQUETÁ,MILÁN,BAJO PAJUIL,2131.402553,18
22676,18460,18460019,CAQUETÁ,MILÁN,SIN INFORMACION,2459.266189,18
22677,18460,18460018,CAQUETÁ,MILÁN,SIN INFORMACION,2474.017322,18
22678,18460,18460016,CAQUETÁ,MILÁN,SIN INFORMACION,2216.609489,18
22679,18460,18460015,CAQUETÁ,MILÁN,LA MACARENA,2637.467065,18
22680,18460,18460014,CAQUETÁ,MILÁN,ESPERANZA,2073.608147,18
22681,18460,18460012,CAQUETÁ,MILÁN,SIN INFORMACION,1994.475217,18
22682,18460,18460017,CAQUETÁ,MILÁN,YUMAL,5040.212229,18
22683,18460,18460011,CAQUETÁ,MILÁN,LA ESTRELLA,2378.488183,18
22684,18460,18460058,CAQUETÁ,MILÁN,SANTA ROSA,2014.205186,18
22685,18460,18460010,CAQUETÁ,MILÁN,CALIFORNIA,1731.546072,18
22686,18460,18460009,CAQUETÁ,MILÁN,SIN INFORMACION,1691.801588,18
22687,18460,18460008,CAQUETÁ,MILÁN,SIN INFORMACION,170.2324662,18
22688,18460,18460007,CAQUETÁ,MILÁN,TOMINEJO,1571.328502,18
22689,18460,18460013,CAQUETÁ,MILÁN,SIN INFORMACION,1765.744931,18
22690,18460,18460006,CAQUETÁ,MILÁN,SIN INFORMACION,255.2198263,18
22691,18460,18460005,CAQUETÁ,MILÁN,SIN INFORMACION,1540.809205,18
22692,18460,18460002,CAQUETÁ,MILÁN,RIOGRANDE,1590.148357,18
22693,18460,18460001,CAQUETÁ,MILÁN,LAS ACACIAS,2789.004839,18
22694,18460,18460000,CAQUETÁ,MILÁN,BUENOS AIRES,2097.390464,18
22695,18460,18460049,CAQUETÁ,MILÁN,LA ROSA,961.9584763,18
22696,18460,18460054,CAQUETÁ,MILÁN,LA INDEPENDENCIA,1203.148864,18
22697,18410,18410015,CAQUETÁ,LA MONTAÑITA,CASERIO PUERTO GAITAN,390.6286674,18
22698,18410,18410076,CAQUETÁ,LA MONTAÑITA,REINA BAJA,1567.619454,18
22699,18410,18410098,CAQUETÁ,LA MONTAÑITA,HOLANDA ALTA,1560.173109,18
22700,18410,18410009,CAQUETÁ,LA MONTAÑITA,BELGICA,1369.848958,18
22701,18410,18410010,CAQUETÁ,LA MONTAÑITA,BERLIN,2185.434685,18
22702,18410,18410032,CAQUETÁ,LA MONTAÑITA,ESMERALDA,1147.484778,18
22703,18410,18410077,CAQUETÁ,LA MONTAÑITA,REINA MEDIA,978.2907226,18
22704,18410,18410055,CAQUETÁ,LA MONTAÑITA,LA REINA,2817.499975,18
22705,18410,18410060,CAQUETÁ,LA MONTAÑITA,LAS HERMOSAS,1115.342983,18
22706,18410,18410003,CAQUETÁ,LA MONTAÑITA,ALPINOS,2455.602083,18
22707,18410,18410034,CAQUETÁ,LA MONTAÑITA,GIBRALTAR,1710.39055,18
22708,18410,18410070,CAQUETÁ,LA MONTAÑITA,PALESTINA,942.513129,18
22709,18410,18410006,CAQUETÁ,LA MONTAÑITA,AMERICA DE JAMAICA,636.6057814,18
22710,18410,18410065,CAQUETÁ,LA MONTAÑITA,MATEGUADUA,1519.009441,18
22711,18410,18410026,CAQUETÁ,LA MONTAÑITA,EL PATO,1554.238319,18
22712,18410,18410011,CAQUETÁ,LA MONTAÑITA,BIRMANIA,2717.886184,18
22713,18410,18410073,CAQUETÁ,LA MONTAÑITA,PASLESTINA BAJA,3134.942853,18
22714,18410,18410024,CAQUETÁ,LA MONTAÑITA,EL FONO,657.7915064,18
22715,18410,18410042,CAQUETÁ,LA MONTAÑITA,JERUSALEN,781.7444313,18
22716,18410,18410063,CAQUETÁ,LA MONTAÑITA,LOS ANDES,2415.559398,18
22717,18410,18410027,CAQUETÁ,LA MONTAÑITA,EL PORTAL,1677.008798,18
22718,18410,18410083,CAQUETÁ,LA MONTAÑITA,SECTOR PLATANILLO,1009.702106,18
22719,18410,18410031,CAQUETÁ,LA MONTAÑITA,EL TREINTA BAJO,2072.165397,18
22720,18410,18410029,CAQUETÁ,LA MONTAÑITA,EL TEMBLÓN,2548.422052,18
22721,18410,18410056,CAQUETÁ,LA MONTAÑITA,LA UNION,437.3622372,18
22722,18410,18410025,CAQUETÁ,LA MONTAÑITA,EL GUAMO,885.5213889,18
22723,18410,18410049,CAQUETÁ,LA MONTAÑITA,LA ESTRELLA,1364.00527,18
22724,18410,18410091,CAQUETÁ,LA MONTAÑITA,LA ARGENTINA,4012.450132,18
22725,18410,18410030,CAQUETÁ,LA MONTAÑITA,EL TREINTA ALTO,1037.133802,18
22726,18410,18410046,CAQUETÁ,LA MONTAÑITA,LA CABAÑA,1752.704016,18
22727,18410,18410007,CAQUETÁ,LA MONTAÑITA,ARGELIA,2696.118738,18
22728,18410,18410018,CAQUETÁ,LA MONTAÑITA,COSTA RICA,576.5331917,18
22729,18410,18410016,CAQUETÁ,LA MONTAÑITA,COCONUCO,547.7586541,18
22730,18410,18410008,CAQUETÁ,LA MONTAÑITA,BALCONES,1364.808595,18
22731,18410,18410064,CAQUETÁ,LA MONTAÑITA,MAQUENCAL,609.8843741,18
22732,18410,18410072,CAQUETÁ,LA MONTAÑITA,PALMA AZUL BAJO,63.73436017,18
22733,18410,18410054,CAQUETÁ,LA MONTAÑITA,LA PAUJILERA,2937.981343,18
22734,18410,18410047,CAQUETÁ,LA MONTAÑITA,LA CARPA,1626.815201,18
22735,18410,18410058,CAQUETÁ,LA MONTAÑITA,LAS ACACIAS,1780.201689,18
22736,18410,18410051,CAQUETÁ,LA MONTAÑITA,LA NUTRIA,1111.373576,18
22737,18410,18410021,CAQUETÁ,LA MONTAÑITA,EL CARMEN,823.0911368,18
22738,18410,18410001,CAQUETÁ,LA MONTAÑITA,AGUA BLANQUITA,1022.348699,18
22739,18410,18410093,CAQUETÁ,LA MONTAÑITA,EDEN,1646.038642,18
22740,18410,18410052,CAQUETÁ,LA MONTAÑITA,LA PALMA ARRIBA,1797.524283,18
22741,18410,18410071,CAQUETÁ,LA MONTAÑITA,PALMA AZUL,1583.321803,18
22742,18410,18410084,CAQUETÁ,LA MONTAÑITA,TIGRERA,2692.771897,18
22743,18410,18410068,CAQUETÁ,LA MONTAÑITA,MORROS BAJO,3002.621228,18
22744,18410,18410019,CAQUETÁ,LA MONTAÑITA,DELICIAS,878.0499384,18
22745,18410,18410067,CAQUETÁ,LA MONTAÑITA,MORROS,2586.41285,18
22746,18410,18410044,CAQUETÁ,LA MONTAÑITA,JORDAN BAJO,950.3947329,18
22747,18410,18410092,CAQUETÁ,LA MONTAÑITA,MARGARITAS,11701.92944,18
22748,18410,18410050,CAQUETÁ,LA MONTAÑITA,LA FLORIDA,1472.349086,18
22749,18410,18410004,CAQUETÁ,LA MONTAÑITA,ALTO JORDAN,405.4911278,18
22750,18410,18410002,CAQUETÁ,LA MONTAÑITA,AGUA BONITA,1743.299103,18
22751,18410,18410082,CAQUETÁ,LA MONTAÑITA,SANTUARIO,1007.249995,18
22752,18410,18410039,CAQUETÁ,LA MONTAÑITA,ITARCA,353.8470195,18
22753,18410,18410048,CAQUETÁ,LA MONTAÑITA,LA CRISTALINA,1194.617708,18
22754,18410,18410043,CAQUETÁ,LA MONTAÑITA,JORDAN ALTO,873.6618607,18
22755,18410,18410062,CAQUETÁ,LA MONTAÑITA,LAS JUNTAS,1760.974814,18
22756,18410,18410022,CAQUETÁ,LA MONTAÑITA,EL CEDRITO,608.7478788,18
22757,18410,18410087,CAQUETÁ,LA MONTAÑITA,VILLA RICA DEL CARMEN,959.0507342,18
22758,18410,18410040,CAQUETÁ,LA MONTAÑITA,LAS IGLESIAS BAJAS,1510.657938,18
22759,18410,18410038,CAQUETÁ,LA MONTAÑITA,LAS IGLESIAS MEDIAS,1094.784609,18
22760,18410,18410085,CAQUETÁ,LA MONTAÑITA,VILLA RICA,337.5068417,18
22761,18410,18410061,CAQUETÁ,LA MONTAÑITA,LAS IGLESIAS ALTAS,1431.921276,18
22762,18410,18410088,CAQUETÁ,LA MONTAÑITA,VILLA RICA DEL CARMEN ALTO,1039.769657,18
22763,18410,18410089,CAQUETÁ,LA MONTAÑITA,VILLA RICA DEL SALADO,1403.619231,18
22764,18410,18410090,CAQUETÁ,LA MONTAÑITA,VILLA RICA DEL SALADO PARTE ALTA,2575.63451,18
22765,18410,18410086,CAQUETÁ,LA MONTAÑITA,VILLA RICA ALTA,785.9675715,18
22766,18410,18410059,CAQUETÁ,LA MONTAÑITA,LAS DORADAS,2384.601667,18
22767,18410,18410081,CAQUETÁ,LA MONTAÑITA,SANTA ROSA,1415.555629,18
22768,18410,18410005,CAQUETÁ,LA MONTAÑITA,ALTO RIO CHIQUITO,1497.23719,18
22769,18410,18410033,CAQUETÁ,LA MONTAÑITA,GAITANA,828.5433153,18
22770,18410,18410066,CAQUETÁ,LA MONTAÑITA,MONTE REY,788.2511659,18
22771,18410,18410078,CAQUETÁ,LA MONTAÑITA,RIO CHIQUITO,683.8983527,18
22772,18410,18410020,CAQUETÁ,LA MONTAÑITA,EL BOSQUE,451.6468428,18
22773,18410,18410041,CAQUETÁ,LA MONTAÑITA,JERICO,534.8202439,18
22774,18410,18410057,CAQUETÁ,LA MONTAÑITA,ALTO PORVENIR,593.5359571,18
22775,18410,18410023,CAQUETÁ,LA MONTAÑITA,EL DANUBIO,376.9739496,18
22776,18410,18410012,CAQUETÁ,LA MONTAÑITA,BOCANA LA REINA,682.4734996,18
22777,18410,18410037,CAQUETÁ,LA MONTAÑITA,HORIZONTE,1648.307682,18
22778,18410,18410074,CAQUETÁ,LA MONTAÑITA,PEÑAS ALTAS,2234.577883,18
22779,18410,18410017,CAQUETÁ,LA MONTAÑITA,CORAZONES,1700.914501,18
22780,18410,18410079,CAQUETÁ,LA MONTAÑITA,SAN ISIDRO,632.5441816,18
22781,18410,18410035,CAQUETÁ,LA MONTAÑITA,HOLANDA,257.5345235,18
22782,18410,18410036,CAQUETÁ,LA MONTAÑITA,HOLANDA BAJA,486.2522166,18
22783,18410,18410107,CAQUETÁ,LA MONTAÑITA,CAÑO VERDE,9172.832119,18
22784,18410,18410109,CAQUETÁ,LA MONTAÑITA,VALENCIA,10073.11525,18
22785,18410,18410108,CAQUETÁ,LA MONTAÑITA,VALDIVIA,2705.239483,18
22786,18410,18410094,CAQUETÁ,LA MONTAÑITA,FLORIDA ALTA,2405.997991,18
22787,18410,18410102,CAQUETÁ,LA MONTAÑITA,LA FLORIDA 1,2481.541527,18
22788,18410,18410106,CAQUETÁ,LA MONTAÑITA,AGUAS LINDAS,2201.184029,18
22789,18410,18410099,CAQUETÁ,LA MONTAÑITA,GINEBRA,485.1514429,18
22790,18410,18410105,CAQUETÁ,LA MONTAÑITA,HERMOSA BAJA,1410.755232,18
22791,18410,18410104,CAQUETÁ,LA MONTAÑITA,HERMOSA,802.5984781,18
22792,18410,18410100,CAQUETÁ,LA MONTAÑITA,BETANIA,797.4462482,18
22793,18410,18410103,CAQUETÁ,LA MONTAÑITA,ARENOSO BAJO,2966.40315,18
22794,18410,18410095,CAQUETÁ,LA MONTAÑITA,EL VERGEL,775.3322849,18
22795,18410,18410096,CAQUETÁ,LA MONTAÑITA,ALTO CUARENTA,2278.7815,18
22796,18410,18410101,CAQUETÁ,LA MONTAÑITA,BRISAS DEL ARENOSO,717.139064,18
22797,18410,18410097,CAQUETÁ,LA MONTAÑITA,ARENOSA ALTA,900.3026151,18
22798,18410,18410075,CAQUETÁ,LA MONTAÑITA,PORVENIR,316.1564518,18
22799,18410,18410053,CAQUETÁ,LA MONTAÑITA,LA PANELA,953.4691627,18
22800,18410,18410069,CAQUETÁ,LA MONTAÑITA,NUEVA JERUSALEN,409.3876456,18
22801,18256,18256041,CAQUETÁ,EL PAUJÍL,SIN INFORMACION,653.3490253,18
22802,18256,18256036,CAQUETÁ,EL PAUJÍL,CHIMBUZAL,8492.059358,18
22803,18256,18256009,CAQUETÁ,EL PAUJÍL,SIN INFORMACION,475.734759,18
22804,18256,18256035,CAQUETÁ,EL PAUJÍL,EL PORVENIR,2516.242779,18
22805,18256,18256033,CAQUETÁ,EL PAUJÍL,CONGAL,2618.643455,18
22806,18256,18256034,CAQUETÁ,EL PAUJÍL,LAS BEGONIAS,9759.391883,18
22807,18256,18256000,CAQUETÁ,EL PAUJÍL,SIN INFORMACION,2380.65115,18
22808,18256,18256032,CAQUETÁ,EL PAUJÍL,CHILVICITO,2790.6021,18
22809,18256,18256031,CAQUETÁ,EL PAUJÍL,IGUAPI DEL CARMEN,2239.194278,18
22810,18256,18256030,CAQUETÁ,EL PAUJÍL,LA REFORMA,1986.621706,18
22811,18256,18256029,CAQUETÁ,EL PAUJÍL,EL RECREO,2016.471977,18
22812,18256,18256028,CAQUETÁ,EL PAUJÍL,SIN INFORMACION,1950.0941,18
22813,18256,18256027,CAQUETÁ,EL PAUJÍL,COREA,2147.676269,18
22814,18256,18256026,CAQUETÁ,EL PAUJÍL,DE SAN PEDRO,2462.97511,18
22815,18256,18256025,CAQUETÁ,EL PAUJÍL,LAS MERCEDES,1930.140646,18
22816,18256,18256024,CAQUETÁ,EL PAUJÍL,COLORADO,1820.424653,18
22817,18256,18256023,CAQUETÁ,EL PAUJÍL,SANTA TERESITA,1955.866384,18
22818,18256,18256002,CAQUETÁ,EL PAUJÍL,SAN JUAN PUEBLO NUEVO,2231.893719,18
22819,18256,18256001,CAQUETÁ,EL PAUJÍL,LA CONGA,2326.636902,18
22820,18256,18256022,CAQUETÁ,EL PAUJÍL,EL PITAL,2274.25675,18
22821,18256,18256047,CAQUETÁ,EL PAUJÍL,LA CRISTALINA,2372.148644,18
22822,18256,18256044,CAQUETÁ,EL PAUJÍL,EL NARANJAL,2047.98979,18
22823,18256,18256020,CAQUETÁ,EL PAUJÍL,SIN INFORMACION,1610.012742,18
22824,18256,18256021,CAQUETÁ,EL PAUJÍL,GUAIMARAL,1848.956372,18
22825,18256,18256019,CAQUETÁ,EL PAUJÍL,ANDINAPOLIS,1711.097274,18
22826,18256,18256018,CAQUETÁ,EL PAUJÍL,PAUJILITA,1705.516474,18
22827,18256,18256046,CAQUETÁ,EL PAUJÍL,EL PORVENIR ESTRELLA,1759.002076,18
22828,18256,18256017,CAQUETÁ,EL PAUJÍL,EL CARMEN,2435.31624,18
22829,18256,18256015,CAQUETÁ,EL PAUJÍL,ESMERALDA,1351.346186,18
22830,18256,18256016,CAQUETÁ,EL PAUJÍL,AGUA AZUL,1665.494877,18
22831,18256,18256014,CAQUETÁ,EL PAUJÍL,VENTAQUEMADA,1272.85398,18
22832,18256,18256048,CAQUETÁ,EL PAUJÍL,SAN JUAN,1838.154798,18
22833,18256,18256010,CAQUETÁ,EL PAUJÍL,LA CUMBRE,1127.547972,18
22834,18256,18256042,CAQUETÁ,EL PAUJÍL,SIN INFORMACION,873.4049159,18
22835,18256,18256007,CAQUETÁ,EL PAUJÍL,LA VIRGEN,1600.567866,18
22836,18256,18256006,CAQUETÁ,EL PAUJÍL,SIN INFORMACION,1592.176529,18
22837,18256,18256004,CAQUETÁ,EL PAUJÍL,SIN INFORMACION,8876.494507,18
22838,18256,18256052,CAQUETÁ,EL PAUJÍL,BUENOS AIRES BAJOS,6911.066877,18
22839,18256,18256054,CAQUETÁ,EL PAUJÍL,LA CABAÑA,1451.792568,18
22840,18256,18256040,CAQUETÁ,EL PAUJÍL,SIN INFORMACION,908.9697596,18
22841,18256,18256051,CAQUETÁ,EL PAUJÍL,BUENOS AIRES,2971.855703,18
22842,18256,18256053,CAQUETÁ,EL PAUJÍL,LA PANELA,1985.827433,18
22843,18256,18256055,CAQUETÁ,EL PAUJÍL,NUEVA JERUSALEN,1104.239176,18
22844,18256,18256013,CAQUETÁ,EL PAUJÍL,BAJO MANZANARES,296.2448057,18
22845,18256,18256012,CAQUETÁ,EL PAUJÍL,CRISTALINA,789.6866115,18
22846,18256,18256011,CAQUETÁ,EL PAUJÍL,BELLAVISTA,788.5768745,18
22847,18256,18256049,CAQUETÁ,EL PAUJÍL,EL DANUBIO,895.5688809,18
22848,18256,18256003,CAQUETÁ,EL PAUJÍL,SIN INFORMACION,9217.620943,18
22849,18256,18256037,CAQUETÁ,EL PAUJÍL,SIN INFORMACION,772.6351594,18
22850,18256,18256038,CAQUETÁ,EL PAUJÍL,SIN INFORMACION,724.7988808,18
22851,18256,18256039,CAQUETÁ,EL PAUJÍL,LAS AMERICAS,1532.534352,18
22852,18256,18256043,CAQUETÁ,EL PAUJÍL,LOS ÁNGELES,444.8988721,18
22853,18256,18256050,CAQUETÁ,EL PAUJÍL,EL QUEBRADON,596.0011401,18
22854,18256,18256008,CAQUETÁ,EL PAUJÍL,SAN PEDRO,476.3381886,18
22855,18256,18256045,CAQUETÁ,EL PAUJÍL,MEDIO QUEBRADON,782.5887717,18
22856,18247,18247050,CAQUETÁ,EL DONCELLO,LAS DELICIAS,5029.060083,18
22857,18247,18247053,CAQUETÁ,EL DONCELLO,LAS VIOLETAS,1975.1229,18
22858,18247,18247052,CAQUETÁ,EL DONCELLO,LAS PALMAS,1764.377708,18
22859,18247,18247029,CAQUETÁ,EL DONCELLO,PUERTO HUNGRIA,2817.219414,18
22860,18247,18247049,CAQUETÁ,EL DONCELLO,LAS CAMELIAS,1283.35092,18
22861,18247,18247055,CAQUETÁ,EL DONCELLO,LOS CRISTALES,4197.567678,18
22862,18247,18247042,CAQUETÁ,EL DONCELLO,EL ROSARIO,2877.319597,18
22863,18247,18247038,CAQUETÁ,EL DONCELLO,BALSORA,598.0288935,18
22864,18247,18247048,CAQUETÁ,EL DONCELLO,LA TRINIDAD,2830.033329,18
22865,18247,18247013,CAQUETÁ,EL DONCELLO,C RIO NEGRO,717.4469546,18
22866,18247,18247054,CAQUETÁ,EL DONCELLO,LOS CORAZONES,920.2370996,18
22867,18247,18247058,CAQUETÁ,EL DONCELLO,VILLA RICA,2504.016599,18
22868,18247,18247045,CAQUETÁ,EL DONCELLO,LA FLORESTA,1180.279068,18
22869,18247,18247047,CAQUETÁ,EL DONCELLO,LA TIGRERA,1630.29385,18
22870,18247,18247026,CAQUETÁ,EL DONCELLO,MAGUARE,556.0777962,18
22871,18247,18247036,CAQUETÁ,EL DONCELLO,TROCHA LAS VENTURAS,702.6577558,18
22872,18247,18247043,CAQUETÁ,EL DONCELLO,EL TRIUNFO,2205.496288,18
22873,18247,18247037,CAQUETÁ,EL DONCELLO,ACHAPO,2762.82149,18
22874,18247,18247035,CAQUETÁ,EL DONCELLO,TROCHA C,720.9681098,18
22875,18247,18247040,CAQUETÁ,EL DONCELLO,CERINDO,2590.29059,18
22876,18247,18247051,CAQUETÁ,EL DONCELLO,LAS MERCEDES,1655.384242,18
22877,18247,18247065,CAQUETÁ,EL DONCELLO,MEDIO QUEBRADON,1329.440489,18
22878,18247,18247056,CAQUETÁ,EL DONCELLO,SAN PABLIO,528.1295095,18
22879,18247,18247046,CAQUETÁ,EL DONCELLO,LA LIBERTAD,1479.035723,18
22880,18247,18247027,CAQUETÁ,EL DONCELLO,MESON,716.4756649,18
22881,18247,18247041,CAQUETÁ,EL DONCELLO,CINAURIO,1130.726511,18
22882,18247,18247044,CAQUETÁ,EL DONCELLO,GALLINETA,1606.288562,18
22883,18247,18247030,CAQUETÁ,EL DONCELLO,PUERTO MANRIQUE,393.8392179,18
22884,18247,18247028,CAQUETÁ,EL DONCELLO,MORROCOY,437.8388683,18
22885,18247,18247039,CAQUETÁ,EL DONCELLO,BUENOS AIRES,3073.18089,18
22886,18247,18247032,CAQUETÁ,EL DONCELLO,RECREO,146.8769049,18
22887,18247,18247025,CAQUETÁ,EL DONCELLO,LAURELES,507.5211489,18
22888,18247,18247057,CAQUETÁ,EL DONCELLO,SANTA CRUZ,2955.58787,18
22889,18247,18247018,CAQUETÁ,EL DONCELLO,GRANADA,1201.051329,18
22890,18247,18247015,CAQUETÁ,EL DONCELLO,DIAMANTE,411.7127544,18
22891,18247,18247031,CAQUETÁ,EL DONCELLO,PUERTO PACHECO,2328.458282,18
22892,18247,18247012,CAQUETÁ,EL DONCELLO,CEIBA,433.0023151,18
22893,18247,18247007,CAQUETÁ,EL DONCELLO,BELLAVISTA,348.9426505,18
22894,18247,18247005,CAQUETÁ,EL DONCELLO,ANAYASITO,1026.830374,18
22895,18247,18247033,CAQUETÁ,EL DONCELLO,SAN JOSÉ,1455.180564,18
22896,18247,18247009,CAQUETÁ,EL DONCELLO,BIRMANIA,723.8639704,18
22897,18247,18247024,CAQUETÁ,EL DONCELLO,LAS NIEVES,864.6778286,18
22898,18247,18247011,CAQUETÁ,EL DONCELLO,CAFETO,547.2324971,18
22899,18247,18247034,CAQUETÁ,EL DONCELLO,SERRANIA,1420.663222,18
22900,18247,18247010,CAQUETÁ,EL DONCELLO,BOSQUE,821.0451587,18
22901,18247,18247019,CAQUETÁ,EL DONCELLO,JUANCHITO,574.4308299,18
22902,18247,18247022,CAQUETÁ,EL DONCELLO,LAS AMERICAS,31792.13431,18
22903,18247,18247016,CAQUETÁ,EL DONCELLO,EL JARDIN BAJO,2135.937401,18
22904,18247,18247006,CAQUETÁ,EL DONCELLO,BAJO MANZANARES,175.4746418,18
22905,18247,18247003,CAQUETÁ,EL DONCELLO,ALTO MANZANARES,634.3196063,18
22906,18247,18247064,CAQUETÁ,EL DONCELLO,BAJO MANZANARES,1692.754841,18
22907,18247,18247017,CAQUETÁ,EL DONCELLO,EL JARDIN ALTO,325.6303849,18
22908,18247,18247063,CAQUETÁ,EL DONCELLO,CRISTALINA,1053.208161,18
22909,18247,18247062,CAQUETÁ,EL DONCELLO,BELLAVISTA,1285.602923,18
22910,18247,18247061,CAQUETÁ,EL DONCELLO,LA CUMBRE,1041.789384,18
22911,18247,18247060,CAQUETÁ,EL DONCELLO,SAN PEDRO,956.4010235,18
22912,18247,18247059,CAQUETÁ,EL DONCELLO,LA VIRGEN,1319.306679,18
22913,18205,18205013,CAQUETÁ,CURILLO,EL ROSAL,467.1828702,18
22914,18205,18205033,CAQUETÁ,CURILLO,REMOLINO,121.0191764,18
22915,18205,18205002,CAQUETÁ,CURILLO,BAJO CEILAN,1339.882975,18
22916,18205,18205005,CAQUETÁ,CURILLO,CEILAN,725.6987072,18
22917,18205,18205018,CAQUETÁ,CURILLO,HORIZONTE,2405.861633,18
22918,18205,18205003,CAQUETÁ,CURILLO,CALLE SAN JUAN,1167.611934,18
22919,18205,18205001,CAQUETÁ,CURILLO,ARGENTINA,433.2347609,18
22920,18205,18205029,CAQUETÁ,CURILLO,PARAISO,330.9051239,18
22921,18205,18205031,CAQUETÁ,CURILLO,PRIMAVERA,1698.698097,18
22922,18205,18205007,CAQUETÁ,CURILLO,CONQUISTADOR,2081.247097,18
22923,18205,18205030,CAQUETÁ,CURILLO,PRADERA,415.1981862,18
22924,18205,18205028,CAQUETÁ,CURILLO,PALIZADAS,970.7307629,18
22925,18205,18205014,CAQUETÁ,CURILLO,EL TABLON,1734.946388,18
22926,18205,18205020,CAQUETÁ,CURILLO,LA NUTRIA,1230.786705,18
22927,18205,18205011,CAQUETÁ,CURILLO,EL LIBERTADOR,1371.269552,18
22928,18205,18205035,CAQUETÁ,CURILLO,TIGRA,1212.451156,18
22929,18205,18205038,CAQUETÁ,CURILLO,VILLA NUEVA,467.8231654,18
22930,18205,18205010,CAQUETÁ,CURILLO,DELICIAS,914.9466453,18
22931,18205,18205008,CAQUETÁ,CURILLO,CURILLO MEDIO,1951.233029,18
22932,18205,18205009,CAQUETÁ,CURILLO,DANUBIO,649.3890454,18
22933,18205,18205019,CAQUETÁ,CURILLO,LA NOVIA,1558.079821,18
22934,18205,18205036,CAQUETÁ,CURILLO,VERGEL,757.4096417,18
22935,18205,18205006,CAQUETÁ,CURILLO,CERRITO,416.7628483,18
22936,18205,18205032,CAQUETÁ,CURILLO,PUERTO AMOR,267.6021767,18
22937,18205,18205027,CAQUETÁ,CURILLO,P ALTA,638.5704611,18
22938,18205,18205016,CAQUETÁ,CURILLO,FLORIDA,1319.90788,18
22939,18205,18205024,CAQUETÁ,CURILLO,NARANJALES,982.9112447,18
22940,18205,18205012,CAQUETÁ,CURILLO,EL PALMAR,160.3242894,18
22941,18205,18205022,CAQUETÁ,CURILLO,LIBERTAD,992.3830804,18
22942,18205,18205004,CAQUETÁ,CURILLO,CAMELIAS,794.1959391,18
22943,18205,18205021,CAQUETÁ,CURILLO,LAS BRISAS,1368.26363,18
22944,18205,18205034,CAQUETÁ,CURILLO,SALAMINA,2053.60698,18
22945,18205,18205037,CAQUETÁ,CURILLO,VILLA DEL PRADO,4053.702596,18
22946,18205,18205023,CAQUETÁ,CURILLO,MATECAÑA,751.0666215,18
22947,18205,18205017,CAQUETÁ,CURILLO,GAVIOTAS,808.7773935,18
22948,18205,18205026,CAQUETÁ,CURILLO,NUTRIA 2,350.7251518,18
22949,18205,18205025,CAQUETÁ,CURILLO,NORMANDIA,845.3951085,18
22950,18205,18205015,CAQUETÁ,CURILLO,ESPAÑA,448.6842498,18
22951,18150,18150109,CAQUETÁ,CARTAGENA DEL CHAIRÁ,LAS PALMAS,7102.440283,18
22952,18150,18150108,CAQUETÁ,CARTAGENA DEL CHAIRÁ,BRASILIA BAJO CAGUÁN,7169.649196,18
22953,18150,18150117,CAQUETÁ,CARTAGENA DEL CHAIRÁ,EL GUAMO,22770.06659,18
22954,18150,18150107,CAQUETÁ,CARTAGENA DEL CHAIRÁ,CAÑO SANTO DOMINGO,12526.11168,18
22955,18150,18150152,CAQUETÁ,CARTAGENA DEL CHAIRÁ,SABALETA ALTA,3833.760509,18
22956,18150,18150106,CAQUETÁ,CARTAGENA DEL CHAIRÁ,SANTO DOMINGO,3255.842931,18
22957,18150,18150105,CAQUETÁ,CARTAGENA DEL CHAIRÁ,SANTA ELENA,19329.59303,18
22958,18150,18150100,CAQUETÁ,CARTAGENA DEL CHAIRÁ,CAÑO NEGRO,3582.994367,18
22959,18150,18150102,CAQUETÁ,CARTAGENA DEL CHAIRÁ,CUBA,7244.892191,18
22960,18150,18150150,CAQUETÁ,CARTAGENA DEL CHAIRÁ,PUERTO NAPOLES,6173.190962,18
22961,18150,18150096,CAQUETÁ,CARTAGENA DEL CHAIRÁ,NARANJALES,5814.041214,18
22962,18150,18150095,CAQUETÁ,CARTAGENA DEL CHAIRÁ,CAÑO SUCIO,3634.626076,18
22963,18150,18150092,CAQUETÁ,CARTAGENA DEL CHAIRÁ,LA LIBERTAD,3116.448419,18
22964,18150,18150097,CAQUETÁ,CARTAGENA DEL CHAIRÁ,LA MAGDALENA,6127.727551,18
22965,18150,18150101,CAQUETÁ,CARTAGENA DEL CHAIRÁ,LAS QUILLAS,1866.763051,18
22966,18150,18150148,CAQUETÁ,CARTAGENA DEL CHAIRÁ,MIRAFLORES DE SUNCILLA,2842.27459,18
22967,18150,18150115,CAQUETÁ,CARTAGENA DEL CHAIRÁ,EL CARACOL,3775.925437,18
22968,18150,18150151,CAQUETÁ,CARTAGENA DEL CHAIRÁ,REMOLINOS DEL CAGUÁN,364.8208758,18
22969,18150,18150094,CAQUETÁ,CARTAGENA DEL CHAIRÁ,PALMICHALES,776.5224385,18
22970,18150,18150093,CAQUETÁ,CARTAGENA DEL CHAIRÁ,JARDIN CAMELIAS,3726.283706,18
22971,18150,18150099,CAQUETÁ,CARTAGENA DEL CHAIRÁ,MONSERRATE,3900.810257,18
22972,18150,18150098,CAQUETÁ,CARTAGENA DEL CHAIRÁ,PUERTO CAMELIA,1669.451216,18
22973,18150,18150104,CAQUETÁ,CARTAGENA DEL CHAIRÁ,EL CONVENIO,11449.3325,18
22974,18150,18150149,CAQUETÁ,CARTAGENA DEL CHAIRÁ,NUEVA LOMA LARGA,7752.259592,18
22975,18150,18150088,CAQUETÁ,CARTAGENA DEL CHAIRÁ,PRIMAVERA BAJO CAGUAN,1529.010055,18
22976,18150,18150089,CAQUETÁ,CARTAGENA DEL CHAIRÁ,EL JORDAN,3848.592931,18
22977,18150,18150087,CAQUETÁ,CARTAGENA DEL CHAIRÁ,VILLA NIDIA,2500.178334,18
22978,18150,18150091,CAQUETÁ,CARTAGENA DEL CHAIRÁ,EL CAFE,3022.322012,18
22979,18150,18150103,CAQUETÁ,CARTAGENA DEL CHAIRÁ,BUENA VISTA,5982.45257,18
22980,18150,18150086,CAQUETÁ,CARTAGENA DEL CHAIRÁ,EL PENEYA,4716.324607,18
22981,18150,18150090,CAQUETÁ,CARTAGENA DEL CHAIRÁ,LAGUNA VERDE,4277.397809,18
22982,18150,18150129,CAQUETÁ,CARTAGENA DEL CHAIRÁ,LOS ÁNGELES,3001.615507,18
22983,18150,18150125,CAQUETÁ,CARTAGENA DEL CHAIRÁ,LA NUEVA ILUSIÓN,5737.362948,18
22984,18150,18150085,CAQUETÁ,CARTAGENA DEL CHAIRÁ,EL VENADO,10753.44285,18
22985,18150,18150154,CAQUETÁ,CARTAGENA DEL CHAIRÁ,SIN INFORMACION,164591.1643,18
22986,18150,18150084,CAQUETÁ,CARTAGENA DEL CHAIRÁ,MONTE ADENTRO,2437.657078,18
22987,18150,18150110,CAQUETÁ,CARTAGENA DEL CHAIRÁ,FLANDES,7242.945068,18
22988,18150,18150135,CAQUETÁ,CARTAGENA DEL CHAIRÁ,SUNCIYA MEDIO,3223.728049,18
22989,18150,18150138,CAQUETÁ,CARTAGENA DEL CHAIRÁ,ZABALETA ALTA,2455.825853,18
22990,18150,18150120,CAQUETÁ,CARTAGENA DEL CHAIRÁ,LA CEIBA,1724.671846,18
22991,18150,18150128,CAQUETÁ,CARTAGENA DEL CHAIRÁ,ANIMAS BAJAS,10834.34745,18
22992,18150,18150136,CAQUETÁ,CARTAGENA DEL CHAIRÁ,VILLA NUEVA,4639.234808,18
22993,18150,18150080,CAQUETÁ,CARTAGENA DEL CHAIRÁ,PEÑAS COLORADAS,5548.490966,18
22994,18150,18150083,CAQUETÁ,CARTAGENA DEL CHAIRÁ,PEÑAS BLANCAS,5656.832296,18
22995,18150,18150114,CAQUETÁ,CARTAGENA DEL CHAIRÁ,DOS QUEBRADAS,2509.248385,18
22996,18150,18150137,CAQUETÁ,CARTAGENA DEL CHAIRÁ,ZABALETA,3675.01167,18
22997,18150,18150081,CAQUETÁ,CARTAGENA DEL CHAIRÁ,LA PLAYA,4032.250278,18
22998,18150,18150078,CAQUETÁ,CARTAGENA DEL CHAIRÁ,ANIMAS ALTAS,5391.412046,18
22999,18150,18150082,CAQUETÁ,CARTAGENA DEL CHAIRÁ,BILLAR,16570.60287,18
23000,18150,18150050,CAQUETÁ,CARTAGENA DEL CHAIRÁ,CRISTALES,1396.915547,18
23001,18150,18150077,CAQUETÁ,CARTAGENA DEL CHAIRÁ,EL BARRO,5347.264979,18
23002,18150,18150123,CAQUETÁ,CARTAGENA DEL CHAIRÁ,LA FLORIDA 1,2554.672965,18
23003,18150,18150049,CAQUETÁ,CARTAGENA DEL CHAIRÁ,12 DE OCTUBRE,6497.609205,18
23004,18150,18150076,CAQUETÁ,CARTAGENA DEL CHAIRÁ,CAÑO PERDIDO,6006.344254,18
23005,18150,18150053,CAQUETÁ,CARTAGENA DEL CHAIRÁ,ALTO CRISTALES,5168.513554,18
23006,18150,18150051,CAQUETÁ,CARTAGENA DEL CHAIRÁ,SAN ISIDRO,2225.102804,18
23007,18150,18150074,CAQUETÁ,CARTAGENA DEL CHAIRÁ,EL JARDIN,4342.75911,18
23008,18150,18150116,CAQUETÁ,CARTAGENA DEL CHAIRÁ,EL DANUBIO,1346.348013,18
23009,18150,18150079,CAQUETÁ,CARTAGENA DEL CHAIRÁ,CUMARALES,6680.911879,18
23010,18150,18150075,CAQUETÁ,CARTAGENA DEL CHAIRÁ,EL PARAISO,3353.324132,18
23011,18150,18150153,CAQUETÁ,CARTAGENA DEL CHAIRÁ,VILLA ZELANDA,1181.180951,18
23012,18150,18150134,CAQUETÁ,CARTAGENA DEL CHAIRÁ,RENACER DE ARMERO,2656.019548,18
23013,18150,18150052,CAQUETÁ,CARTAGENA DEL CHAIRÁ,PORES,2891.891549,18
23014,18150,18150046,CAQUETÁ,CARTAGENA DEL CHAIRÁ,LLANITOS,7466.00131,18
23015,18150,18150072,CAQUETÁ,CARTAGENA DEL CHAIRÁ,LA PAZ 3,2659.659126,18
23016,18150,18150047,CAQUETÁ,CARTAGENA DEL CHAIRÁ,PILONES,1980.84862,18
23017,18150,18150119,CAQUETÁ,CARTAGENA DEL CHAIRÁ,ISLA REDONDA,4563.473811,18
23018,18150,18150133,CAQUETÁ,CARTAGENA DEL CHAIRÁ,PORVENIR 1,2882.185593,18
23019,18150,18150071,CAQUETÁ,CARTAGENA DEL CHAIRÁ,EL BOLIVAR,1424.555296,18
23020,18150,18150142,CAQUETÁ,CARTAGENA DEL CHAIRÁ,EL MANANTIAL,1096.074948,18
23021,18150,18150048,CAQUETÁ,CARTAGENA DEL CHAIRÁ,BOCANA CAMICAYA,3004.828902,18
23022,18150,18150147,CAQUETÁ,CARTAGENA DEL CHAIRÁ,LAS PALMERAS DEL SUNCILLAS,4420.899559,18
23023,18150,18150145,CAQUETÁ,CARTAGENA DEL CHAIRÁ,LA MIRANDA,1574.633687,18
23024,18150,18150143,CAQUETÁ,CARTAGENA DEL CHAIRÁ,EL RETIRO,3991.335979,18
23025,18150,18150073,CAQUETÁ,CARTAGENA DEL CHAIRÁ,LA PAZ 2,4900.971814,18
23026,18150,18150132,CAQUETÁ,CARTAGENA DEL CHAIRÁ,PANAMA 2,1872.188525,18
23027,18150,18150043,CAQUETÁ,CARTAGENA DEL CHAIRÁ,LA TEBAIDA,2087.294056,18
23028,18150,18150045,CAQUETÁ,CARTAGENA DEL CHAIRÁ,CAMICAYA,3374.372856,18
23029,18150,18150068,CAQUETÁ,CARTAGENA DEL CHAIRÁ,EL REMANSO,3495.043966,18
23030,18150,18150044,CAQUETÁ,CARTAGENA DEL CHAIRÁ,LA PAZ 1,3933.610284,18
23031,18150,18150070,CAQUETÁ,CARTAGENA DEL CHAIRÁ,PANAMA 1,4778.747749,18
23032,18150,18150067,CAQUETÁ,CARTAGENA DEL CHAIRÁ,PLAYA VERDE,1460.403515,18
23033,18150,18150042,CAQUETÁ,CARTAGENA DEL CHAIRÁ,TEUSAQUILLO,2540.620234,18
23034,18150,18150155,CAQUETÁ,CARTAGENA DEL CHAIRÁ,SIN INFORMACION,563022.2911,18
23035,18150,18150041,CAQUETÁ,CARTAGENA DEL CHAIRÁ,PATIO BONITO,5469.195546,18
23036,18150,18150126,CAQUETÁ,CARTAGENA DEL CHAIRÁ,LA SARDINATA BAJA,6273.696208,18
23037,18150,18150038,CAQUETÁ,CARTAGENA DEL CHAIRÁ,LA ARGENTINA,2336.043982,18
23038,18150,18150066,CAQUETÁ,CARTAGENA DEL CHAIRÁ,EL PRADO,1396.09826,18
23039,18150,18150122,CAQUETÁ,CARTAGENA DEL CHAIRÁ,LA EXPENSA,4918.626613,18
23040,18150,18150069,CAQUETÁ,CARTAGENA DEL CHAIRÁ,NUPIAS,3850.966328,18
23041,18150,18150058,CAQUETÁ,CARTAGENA DEL CHAIRÁ,ANDAKI,1003.21257,18
23042,18150,18150121,CAQUETÁ,CARTAGENA DEL CHAIRÁ,LA CRISTALINA,1145.709545,18
23043,18150,18150118,CAQUETÁ,CARTAGENA DEL CHAIRÁ,HOLANDA,692.7864222,18
23044,18150,18150062,CAQUETÁ,CARTAGENA DEL CHAIRÁ,YAICOGE BAJO,5479.680681,18
23045,18150,18150040,CAQUETÁ,CARTAGENA DEL CHAIRÁ,EL CASTILLO,2285.031222,18
23046,18150,18150033,CAQUETÁ,CARTAGENA DEL CHAIRÁ,LA URIBE,3389.456197,18
23047,18150,18150139,CAQUETÁ,CARTAGENA DEL CHAIRÁ,BELLAVISTA,1514.21653,18
23048,18150,18150112,CAQUETÁ,CARTAGENA DEL CHAIRÁ,BARCELONA,1659.050399,18
23049,18150,18150065,CAQUETÁ,CARTAGENA DEL CHAIRÁ,ALTO SARDINATA,3425.237112,18
23050,18150,18150039,CAQUETÁ,CARTAGENA DEL CHAIRÁ,EL VERGEL,1604.031198,18
23051,18150,18150064,CAQUETÁ,CARTAGENA DEL CHAIRÁ,LAS DELICIAS,2532.682674,18
23052,18150,18150059,CAQUETÁ,CARTAGENA DEL CHAIRÁ,LA NUEVA FLORESTA,1523.655785,18
23053,18150,18150037,CAQUETÁ,CARTAGENA DEL CHAIRÁ,AGUA LINDA,5828.019701,18
23054,18150,18150131,CAQUETÁ,CARTAGENA DEL CHAIRÁ,NUEVO HORIZONTE,591.037195,18
23055,18150,18150035,CAQUETÁ,CARTAGENA DEL CHAIRÁ,CAMICAYA MEDIO,3653.150662,18
23056,18150,18150032,CAQUETÁ,CARTAGENA DEL CHAIRÁ,MACARENA,2677.264202,18
23057,18150,18150061,CAQUETÁ,CARTAGENA DEL CHAIRÁ,LA TIGRERA BAJA,4263.252705,18
23058,18150,18150034,CAQUETÁ,CARTAGENA DEL CHAIRÁ,LA ESMERALDA,1930.699149,18
23059,18150,18150063,CAQUETÁ,CARTAGENA DEL CHAIRÁ,EL RECREO,1712.327683,18
23060,18150,18150029,CAQUETÁ,CARTAGENA DEL CHAIRÁ,EL BRILLANTE,1627.463829,18
23061,18150,18150057,CAQUETÁ,CARTAGENA DEL CHAIRÁ,AGUAS CLARAS,2709.195378,18
23062,18150,18150060,CAQUETÁ,CARTAGENA DEL CHAIRÁ,RECREO ALTO,1963.376791,18
23063,18150,18150024,CAQUETÁ,CARTAGENA DEL CHAIRÁ,COMUNEROS,1829.655223,18
23064,18150,18150055,CAQUETÁ,CARTAGENA DEL CHAIRÁ,EL AGUILA,1377.473862,18
23065,18150,18150031,CAQUETÁ,CARTAGENA DEL CHAIRÁ,VILLA COLOMBIA,2617.257792,18
23066,18150,18150012,CAQUETÁ,CARTAGENA DEL CHAIRÁ,LOS PAUJILES,1527.464467,18
23067,18150,18150146,CAQUETÁ,CARTAGENA DEL CHAIRÁ,LA TIGRERA,4355.721463,18
23068,18150,18150030,CAQUETÁ,CARTAGENA DEL CHAIRÁ,LA ORQUIDEA,2505.015498,18
23069,18150,18150023,CAQUETÁ,CARTAGENA DEL CHAIRÁ,FUNDACIÓN,2815.490923,18
23070,18150,18150036,CAQUETÁ,CARTAGENA DEL CHAIRÁ,LA LAGUNA DEL CHAIRA,3492.270055,18
23071,18150,18150111,CAQUETÁ,CARTAGENA DEL CHAIRÁ,ANGELES ALTOS,1398.981482,18
23072,18150,18150028,CAQUETÁ,CARTAGENA DEL CHAIRÁ,LA GUADALOSA,3324.950442,18
23073,18150,18150010,CAQUETÁ,CARTAGENA DEL CHAIRÁ,LA NUEVA ESPERANZA,2771.860851,18
23074,18150,18150016,CAQUETÁ,CARTAGENA DEL CHAIRÁ,EL DIAMANTE,1101.496529,18
23075,18150,18150056,CAQUETÁ,CARTAGENA DEL CHAIRÁ,TOKIO,1232.759684,18
23076,18150,18150140,CAQUETÁ,CARTAGENA DEL CHAIRÁ,CAMICAYA ALTO,1313.520942,18
23077,18150,18150025,CAQUETÁ,CARTAGENA DEL CHAIRÁ,BANDERAS,2140.151053,18
23078,18150,18150054,CAQUETÁ,CARTAGENA DEL CHAIRÁ,LAS MARIMBAS,4195.764084,18
23079,18150,18150027,CAQUETÁ,CARTAGENA DEL CHAIRÁ,HIGUERON,1023.594856,18
23080,18150,18150022,CAQUETÁ,CARTAGENA DEL CHAIRÁ,RIO CLARO,2970.363946,18
23081,18150,18150018,CAQUETÁ,CARTAGENA DEL CHAIRÁ,ALTO BONITO,1222.061635,18
23082,18150,18150026,CAQUETÁ,CARTAGENA DEL CHAIRÁ,VISTA HERMOSA,712.9591775,18
23083,18150,18150113,CAQUETÁ,CARTAGENA DEL CHAIRÁ,BERLIN,1279.549961,18
23084,18150,18150124,CAQUETÁ,CARTAGENA DEL CHAIRÁ,LA INDEPENDENCIA,1045.814013,18
23085,18150,18150011,CAQUETÁ,CARTAGENA DEL CHAIRÁ,LOS CAUCHOS,1007.152826,18
23086,18150,18150144,CAQUETÁ,CARTAGENA DEL CHAIRÁ,LA GRANJA,639.7938698,18
23087,18150,18150009,CAQUETÁ,CARTAGENA DEL CHAIRÁ,LA PRIMAVERA,2691.1191,18
23088,18150,18150127,CAQUETÁ,CARTAGENA DEL CHAIRÁ,LAGUNA DE CARTAGENA,1733.137182,18
23089,18150,18150019,CAQUETÁ,CARTAGENA DEL CHAIRÁ,SAN JOSÉ DE RISARALDA,367.0190982,18
23090,18150,18150017,CAQUETÁ,CARTAGENA DEL CHAIRÁ,LOS ANDES,2179.529385,18
23091,18150,18150014,CAQUETÁ,CARTAGENA DEL CHAIRÁ,EL RUBI,1827.856042,18
23092,18150,18150005,CAQUETÁ,CARTAGENA DEL CHAIRÁ,TRIUNFO ALTO,1010.196903,18
23093,18150,18150021,CAQUETÁ,CARTAGENA DEL CHAIRÁ,CAMPO ALEGRE,2904.480564,18
23094,18150,18150004,CAQUETÁ,CARTAGENA DEL CHAIRÁ,VILLA LUZ,2347.547269,18
23095,18150,18150130,CAQUETÁ,CARTAGENA DEL CHAIRÁ,MONTERREY,914.6326865,18
23096,18150,18150020,CAQUETÁ,CARTAGENA DEL CHAIRÁ,RISARALDA,2643.716402,18
23097,18150,18150015,CAQUETÁ,CARTAGENA DEL CHAIRÁ,LAS  MERCEDES,2722.10201,18
23098,18150,18150007,CAQUETÁ,CARTAGENA DEL CHAIRÁ,EL EDEN,906.7981256,18
23099,18150,18150006,CAQUETÁ,CARTAGENA DEL CHAIRÁ,EL TRIUNFO,2579.30411,18
23100,18150,18150008,CAQUETÁ,CARTAGENA DEL CHAIRÁ,ROBLES,1378.955383,18
23101,18150,18150013,CAQUETÁ,CARTAGENA DEL CHAIRÁ,BOCANA DEL ANAYA,3262.935968,18
23102,18150,18150003,CAQUETÁ,CARTAGENA DEL CHAIRÁ,ARENOSO,1896.366463,18
23103,18150,18150141,CAQUETÁ,CARTAGENA DEL CHAIRÁ,CASERIO ARENOSO,1282.920132,18
23104,18150,18150002,CAQUETÁ,CARTAGENA DEL CHAIRÁ,ESPEJOS,2939.551318,18
23105,18150,18150001,CAQUETÁ,CARTAGENA DEL CHAIRÁ,EL CAIRO,1439.592604,18
23106,18150,18150000,CAQUETÁ,CARTAGENA DEL CHAIRÁ,LA REFORMA,2076.9447,18
23107,18094,18094024,CAQUETÁ,BELÉN DE LOS ANDAQUÍES,FRAGUA DELICIAS,2693.753254,18
23108,18094,18094064,CAQUETÁ,BELÉN DE LOS ANDAQUÍES,VENADITO,1602.143488,18
23109,18094,18094047,CAQUETÁ,BELÉN DE LOS ANDAQUÍES,PUERTO TORRES,291.273977,18
23110,18094,18094063,CAQUETÁ,BELÉN DE LOS ANDAQUÍES,TORTUGA ESTRELLA,782.8404232,18
23111,18094,18094046,CAQUETÁ,BELÉN DE LOS ANDAQUÍES,PUERTO LONDOÑO,3212.565,18
23112,18094,18094016,CAQUETÁ,BELÉN DE LOS ANDAQUÍES,EL CARBON,942.5315622,18
23113,18094,18094042,CAQUETÁ,BELÉN DE LOS ANDAQUÍES,MONO ALTA,1994.208913,18
23114,18094,18094015,CAQUETÁ,BELÉN DE LOS ANDAQUÍES,CHAPINERO,1904.319475,18
23115,18094,18094002,CAQUETÁ,BELÉN DE LOS ANDAQUÍES,AGUA DULCE,833.4962697,18
23116,18094,18094025,CAQUETÁ,BELÉN DE LOS ANDAQUÍES,GALÁN,521.4745899,18
23117,18094,18094007,CAQUETÁ,BELÉN DE LOS ANDAQUÍES,AZABACHE,2379.210542,18
23118,18094,18094004,CAQUETÁ,BELÉN DE LOS ANDAQUÍES,ALTO MASAYA,274.1370119,18
23119,18094,18094040,CAQUETÁ,BELÉN DE LOS ANDAQUÍES,MASAYA BAJA,728.2453245,18
23120,18094,18094055,CAQUETÁ,BELÉN DE LOS ANDAQUÍES,SANCHEZ,902.9877505,18
23121,18094,18094041,CAQUETÁ,BELÉN DE LOS ANDAQUÍES,MASAYA MEDIA,957.4065895,18
23122,18094,18094056,CAQUETÁ,BELÉN DE LOS ANDAQUÍES,SANTA HELENA,1116.872437,18
23123,18094,18094005,CAQUETÁ,BELÉN DE LOS ANDAQUÍES,ALTO PUEBLITOS,1648.61471,18
23124,18094,18094008,CAQUETÁ,BELÉN DE LOS ANDAQUÍES,BAJO PUEBLITOS,1183.689386,18
23125,18094,18094013,CAQUETÁ,BELÉN DE LOS ANDAQUÍES,BUENAVISTA,1735.736517,18
23126,18094,18094032,CAQUETÁ,BELÉN DE LOS ANDAQUÍES,LA REFORMA,831.4998904,18
23127,18094,18094061,CAQUETÁ,BELÉN DE LOS ANDAQUÍES,SINAI,1424.723326,18
23128,18094,18094057,CAQUETÁ,BELÉN DE LOS ANDAQUÍES,SANTA ROSA,956.1603344,18
23129,18094,18094014,CAQUETÁ,BELÉN DE LOS ANDAQUÍES,BUENOS AIRES,1551.340705,18
23130,18094,18094001,CAQUETÁ,BELÉN DE LOS ANDAQUÍES,AGUA AZUL,925.3867662,18
23131,18094,18094019,CAQUETÁ,BELÉN DE LOS ANDAQUÍES,EL MESON,1398.376336,18
23132,18094,18094006,CAQUETÁ,BELÉN DE LOS ANDAQUÍES,ALTO SAN JUAN,1416.658459,18
23133,18094,18094023,CAQUETÁ,BELÉN DE LOS ANDAQUÍES,EL SALADO,1458.449607,18
23134,18094,18094003,CAQUETÁ,BELÉN DE LOS ANDAQUÍES,ALTAMIRA,940.588498,18
23135,18094,18094043,CAQUETÁ,BELÉN DE LOS ANDAQUÍES,PARQUE BOSQUE LA RESACA,408.3143383,18
23136,18094,18094060,CAQUETÁ,BELÉN DE LOS ANDAQUÍES,SARABANDO MEDIO,1692.211048,18
23137,18094,18094021,CAQUETÁ,BELÉN DE LOS ANDAQUÍES,EL PORVENIR,1175.982611,18
23138,18094,18094059,CAQUETÁ,BELÉN DE LOS ANDAQUÍES,SARABANDO ALTO,859.0075252,18
23139,18094,18094028,CAQUETÁ,BELÉN DE LOS ANDAQUÍES,LA ESTRELLA,1423.623645,18
23140,18094,18094017,CAQUETÁ,BELÉN DE LOS ANDAQUÍES,EL CHOCHO,1494.934405,18
23141,18094,18094027,CAQUETÁ,BELÉN DE LOS ANDAQUÍES,LA CRISTALINA,644.2152544,18
23142,18094,18094012,CAQUETÁ,BELÉN DE LOS ANDAQUÍES,BRUSELAS,417.4112986,18
23143,18094,18094037,CAQUETÁ,BELÉN DE LOS ANDAQUÍES,LAS PLATAS,881.7808252,18
23144,18094,18094034,CAQUETÁ,BELÉN DE LOS ANDAQUÍES,LAS COLONIAS,840.9760055,18
23145,18094,18094026,CAQUETÁ,BELÉN DE LOS ANDAQUÍES,LA CHOCHO ALTO,1695.879425,18
23146,18094,18094010,CAQUETÁ,BELÉN DE LOS ANDAQUÍES,BELLA VISTA,713.6211838,18
23147,18094,18094038,CAQUETÁ,BELÉN DE LOS ANDAQUÍES,LOS ALETONES,644.4592206,18
23148,18094,18094052,CAQUETÁ,BELÉN DE LOS ANDAQUÍES,SAN ANTONIO,714.1326364,18
23149,18094,18094033,CAQUETÁ,BELÉN DE LOS ANDAQUÍES,LA UNION,1381.616225,18
23150,18094,18094054,CAQUETÁ,BELÉN DE LOS ANDAQUÍES,SAN LUIS,785.1791561,18
23151,18094,18094031,CAQUETÁ,BELÉN DE LOS ANDAQUÍES,LA PRADERA,948.8407406,18
23152,18094,18094065,CAQUETÁ,BELÉN DE LOS ANDAQUÍES,VENTANAS PARTE BAJA,273.8275357,18
23153,18094,18094053,CAQUETÁ,BELÉN DE LOS ANDAQUÍES,SAN ISIDRO ALTO,2106.788326,18
23154,18094,18094066,CAQUETÁ,BELÉN DE LOS ANDAQUÍES,VENTANAS PARTE ALTA,423.5463082,18
23155,18094,18094030,CAQUETÁ,BELÉN DE LOS ANDAQUÍES,LA ONDINA,1254.771527,18
23156,18094,18094036,CAQUETÁ,BELÉN DE LOS ANDAQUÍES,LAS MINAS,770.7908731,18
23157,18094,18094022,CAQUETÁ,BELÉN DE LOS ANDAQUÍES,EL PRADO,511.7701536,18
23158,18094,18094018,CAQUETÁ,BELÉN DE LOS ANDAQUÍES,EL DIAMANTE,1091.159154,18
23159,18094,18094051,CAQUETÁ,BELÉN DE LOS ANDAQUÍES,RESGUARDO INDÍGENA LA ESPERANZA,1160.735261,18
23160,18094,18094062,CAQUETÁ,BELÉN DE LOS ANDAQUÍES,SOLEDAD,558.9529871,18
23161,18094,18094058,CAQUETÁ,BELÉN DE LOS ANDAQUÍES,SANTA TERESA,939.2762388,18
23162,18094,18094045,CAQUETÁ,BELÉN DE LOS ANDAQUÍES,PRIMAVERA,1567.727019,18
23163,18094,18094050,CAQUETÁ,BELÉN DE LOS ANDAQUÍES,RESGUARDO INDÍGENA CERINDA DE LOS ANGELES,74.63020277,18
23164,18094,18094039,CAQUETÁ,BELÉN DE LOS ANDAQUÍES,LOS ÁNGELES,2248.229964,18
23165,18094,18094035,CAQUETÁ,BELÉN DE LOS ANDAQUÍES,LAS DELICIAS,2041.811563,18
23166,18094,18094044,CAQUETÁ,BELÉN DE LOS ANDAQUÍES,PNN ALTO FRAGUA INDI WASI,20100.52661,18
23167,18094,18094048,CAQUETÁ,BELÉN DE LOS ANDAQUÍES,QUISAYA,5135.417028,18
23168,18094,18094011,CAQUETÁ,BELÉN DE LOS ANDAQUÍES,BOCANA LAS VERDES,4869.166474,18
23169,18094,18094049,CAQUETÁ,BELÉN DE LOS ANDAQUÍES,RESERVA FORESTAL,19868.96591,18
23170,18094,18094020,CAQUETÁ,BELÉN DE LOS ANDAQUÍES,EL MIRADOR,741.3273795,18
23171,18029,18029017,CAQUETÁ,ALBANIA,ARANZASU,2604.996108,18
23172,18029,18029013,CAQUETÁ,ALBANIA,EL DORADO,2891.436056,18
23173,18029,18029012,CAQUETÁ,ALBANIA,LA CAÑADA,3316.616403,18
23174,18029,18029014,CAQUETÁ,ALBANIA,CARMEN BALATA,2053.85377,18
23175,18029,18029011,CAQUETÁ,ALBANIA,FRAGUA RECREO,2016.463875,18
23176,18029,18029010,CAQUETÁ,ALBANIA,LA SARDINA,2010.468389,18
23177,18029,18029004,CAQUETÁ,ALBANIA,BETANIA,2101.061745,18
23178,18029,18029016,CAQUETÁ,ALBANIA,SANTA CRUZ,2137.416387,18
23179,18029,18029009,CAQUETÁ,ALBANIA,FLORIDA BLANCA,1899.70449,18
23180,18029,18029003,CAQUETÁ,ALBANIA,BUENOS AIRES,2465.266444,18
23181,18029,18029015,CAQUETÁ,ALBANIA,SIN INFORMACION,1798.670159,18
23182,18029,18029002,CAQUETÁ,ALBANIA,LA UNION,1859.111009,18
23183,18029,18029008,CAQUETÁ,ALBANIA,LA FRGUA FORTUNA,2126.042787,18
23184,18029,18029001,CAQUETÁ,ALBANIA,EL RECREO,1766.437368,18
23185,18029,18029000,CAQUETÁ,ALBANIA,ALBANIA,2948.756427,18
23186,18029,18029006,CAQUETÁ,ALBANIA,ALTO CASTAÑAL,2471.484414,18
23187,18029,18029007,CAQUETÁ,ALBANIA,SAMARIA,2535.676121,18
23188,18029,18029005,CAQUETÁ,ALBANIA,LA RAYA,2375.343079,18
23189,18001,18001065,CAQUETÁ,FLORENCIA,LA ARGENTINA,2599.118684,18
23190,18001,18001064,CAQUETÁ,FLORENCIA,TURBACO,2770.456298,18
23191,18001,18001063,CAQUETÁ,FLORENCIA,TOMINEJO,2575.772201,18
23192,18001,18001062,CAQUETÁ,FLORENCIA,FLORIDA,2190.597965,18
23193,18001,18001061,CAQUETÁ,FLORENCIA,MIRANDA,2022.466198,18
23194,18001,18001060,CAQUETÁ,FLORENCIA,CANDELILLAS,2706.264899,18
23195,18001,18001059,CAQUETÁ,FLORENCIA,TOMINEJO ALTO,2198.044012,18
23196,18001,18001058,CAQUETÁ,FLORENCIA,EL CARMEN KM 36,1966.260752,18
23197,18001,18001057,CAQUETÁ,FLORENCIA,EL CANELO,2307.335191,18
23198,18001,18001056,CAQUETÁ,FLORENCIA,ALTO SANTO DOMINGO,2350.285904,18
23199,18001,18001055,CAQUETÁ,FLORENCIA,MILAGROS,1894.485779,18
23200,18001,18001054,CAQUETÁ,FLORENCIA,BODOQUERO,1802.881546,18
23201,18001,18001053,CAQUETÁ,FLORENCIA,BAJO GUABAL,1829.915833,18
23202,18001,18001052,CAQUETÁ,FLORENCIA,SIN INFORMACION,1242.658817,18
23203,18001,18001051,CAQUETÁ,FLORENCIA,LA TURBIA BAJA,2122.987246,18
23204,18001,18001050,CAQUETÁ,FLORENCIA,SAN JOSÉ DE LOS CANELOS,2393.177972,18
23205,18001,18001049,CAQUETÁ,FLORENCIA,BOCAGRANDE,1122.888248,18
23206,18001,18001048,CAQUETÁ,FLORENCIA,SAN GIL,2099.302905,18
23207,18001,18001047,CAQUETÁ,FLORENCIA,LA TURBIA ALTA,2221.776102,18
23208,18001,18001002,CAQUETÁ,FLORENCIA,VUELTA DEL GALLO,1900.19959,18
23209,18001,18001046,CAQUETÁ,FLORENCIA,ALTO VENECIA,2351.510342,18
23210,18001,18001045,CAQUETÁ,FLORENCIA,LA IBERIA,1943.901348,18
23211,18001,18001044,CAQUETÁ,FLORENCIA,MACAGUAL,2532.723618,18
23212,18001,18001043,CAQUETÁ,FLORENCIA,LA TURBIA ARRIBA,1871.041734,18
23213,18001,18001042,CAQUETÁ,FLORENCIA,GATO NEGRO,2009.281796,18
23214,18001,18001041,CAQUETÁ,FLORENCIA,COSTA RICA,2078.45163,18
23215,18001,18001003,CAQUETÁ,FLORENCIA,SAN PABLO,2419.105,18
23216,18001,18001040,CAQUETÁ,FLORENCIA,VERGEL,2463.754498,18
23217,18001,18001039,CAQUETÁ,FLORENCIA,LA ARENOSA,2232.2675,18
23218,18001,18001038,CAQUETÁ,FLORENCIA,SANTO DOMINGO,2081.044449,18
23219,18001,18001037,CAQUETÁ,FLORENCIA,LA ASTILLA,2094.632561,18
23220,18001,18001001,CAQUETÁ,FLORENCIA,BARCELONA,2497.135309,18
23221,18001,18001036,CAQUETÁ,FLORENCIA,ASTILLA,2271.588545,18
23222,18001,18001035,CAQUETÁ,FLORENCIA,LA ESTRELLA,1372.888987,18
23223,18001,18001033,CAQUETÁ,FLORENCIA,LA FINLANDIA,2121.699261,18
23224,18001,18001032,CAQUETÁ,FLORENCIA,LA PRIMAVERA,2095.671886,18
23225,18001,18001029,CAQUETÁ,FLORENCIA,BRASIL,1826.508102,18
23226,18001,18001028,CAQUETÁ,FLORENCIA,GUALON,1932.251288,18
23227,18001,18001027,CAQUETÁ,FLORENCIA,LOS ALTOS,4233.658807,18
23228,18001,18001000,CAQUETÁ,FLORENCIA,SAN CRISTOBAL BAJO,2430.42422,18
23229,18001,18001031,CAQUETÁ,FLORENCIA,ALTO BRASIL,2497.29709,18
23230,18001,18001026,CAQUETÁ,FLORENCIA,EL SALADO,1681.176066,18
23231,18001,18001025,CAQUETÁ,FLORENCIA,SANTANA DE LAS HERMOSAS,1874.540564,18
23232,18001,18001024,CAQUETÁ,FLORENCIA,SAN CRISTOBAL ALTO,2480.276819,18
23233,18001,18001023,CAQUETÁ,FLORENCIA,EL REFLEJO,2693.465191,18
23234,18001,18001066,CAQUETÁ,FLORENCIA,LA PELIROJA,2615.5953,18
23235,18001,18001021,CAQUETÁ,FLORENCIA,EL CONVENIO,2356.49282,18
23236,18001,18001004,CAQUETÁ,FLORENCIA,NUEVA PAZ,2304.695139,18
23237,18001,18001022,CAQUETÁ,FLORENCIA,EL DIAMANTE,3653.033021,18
23238,18001,18001020,CAQUETÁ,FLORENCIA,CHONTADURO,2654.688513,18
23239,18001,18001019,CAQUETÁ,FLORENCIA,SANTA HELENA,2062.845656,18
23240,18001,18001018,CAQUETÁ,FLORENCIA,AGUA LINDA,1836.96496,18
23241,18001,18001017,CAQUETÁ,FLORENCIA,PALMARITO,2066.908559,18
23242,18001,18001015,CAQUETÁ,FLORENCIA,AGUALINDA,2569.255251,18
23243,18001,18001016,CAQUETÁ,FLORENCIA,MIRAFLORES,2466.274463,18
23244,18001,18001014,CAQUETÁ,FLORENCIA,SAN LORENZO,2298.431263,18
23245,18001,18001013,CAQUETÁ,FLORENCIA,EL CEDRO PARTE ALTA,1989.463515,18
23246,18001,18001012,CAQUETÁ,FLORENCIA,AGUA BONITA,27905.03799,18
23247,18001,18001011,CAQUETÁ,FLORENCIA,EL CEDRO,1894.901732,18
23248,18001,18001010,CAQUETÁ,FLORENCIA,ALEJANDRIA,1829.350125,18
23249,18001,18001009,CAQUETÁ,FLORENCIA,TENZA,2478.973777,18
23250,18001,18001008,CAQUETÁ,FLORENCIA,REMOLINO,2173.14396,18
23251,18001,18001007,CAQUETÁ,FLORENCIA,TARQUI,26718.25203,18
23252,18001,18001006,CAQUETÁ,FLORENCIA,RÍO BRAVO,18632.41121,18
23253,18001,18001005,CAQUETÁ,FLORENCIA,LOS ALPES,26550.12035,18
23254,18001,18001067,CAQUETÁ,FLORENCIA,SAN JUAN,16242.30238,18
23255,18001,18001068,CAQUETÁ,FLORENCIA,LA RIVERA,1039.031953,18